Image,PARENT_REGION_ID,Region_Number,CLASS,FITC_20X_Score,FITC_20X_Area,Y3_ET_20X_Score,Y3_ET_20X_Area,Y5_ET_20X_Score,Y5_ET_20X_Area,X,Y,Z,SIZEX,SIZEY,K1,K2,Pearsons_signals_1_2,Pearsons_signals_1_3,Pearsons_signals_1_4,Pearsons_signals_2_3,Pearsons_signals_2_4,Pearsons_signals_3_4,Counterstain_Area,Counterstain_Intensity,EFCOORD,COMMENT,RECAPTURE,REPORT,OBJECTIVE,SCALEX,SCALEY,INPUT_REGION_AREA,INPUT_REGION_LENGTH,SUBMAPNAME,X_INDEX,Y_INDEX,ELEMENTID,SLIDEMAP_PATH,ELEMENTTYPE,DESCRIPTION,DONOR,FOCUSAT,CERTAINTY,MEASUREDAREA,PEPTIDE_CONCENTRATION,DIAMETER,MEASUREDDIAMETER
1,427,2975,Analysed,29.44,379.04,50.47,1396.27,58.32,313.09,5254.99,32649.71,22142,1251,1228,0.09,0,0.01,0.1,0,-1,-1,-1,5976742,40,E44/3,,0,0,20X,0.32,0.321,1147350.5,2191.57,New Submap,0,0,{9D6638EC-7FA7-47D5-90C3-50FB4FD02B6F},\coussensaperioAII_BlobPool{10}{1001C1B5-,Submap Default,,,1,100,-1,-11,2750,-1
2,428,2976,Analysed,38.29,81.46,72.02,880.62,47.33,174.73,6620.34,32646.85,22142,1481,1234,0.09,0,0.01,0.06,0.01,-1,-1,-1,7700419,39,G44/1,,0,0,20X,0.32,0.321,1430670,2421.24,New Submap,0,0,{9D6638EC-7FA7-47D5-90C3-50FB4FD02B6F},\coussensaperioAII_BlobPool{10}{1001C1B5-,Submap Default,,,1,100,-1,-11,2750,-1
3,429,2977,Analysed,42.5,4076.44,49.62,1848.96,83.8,19705.8,5251.9,34018.14,22142,1257,1508,0.57,0.36,0.45,0.01,0.02,-1,-1,-1,11213922,58,E42/0,,0,0,20X,0.32,0.321,1497765.5,2470.98,New Submap,0,0,{9D6638EC-7FA7-47D5-90C3-50FB4FD02B6F},\coussensaperioAII_BlobPool{10}{1001C1B5-,Submap Default,,,1,100,-1,-11,2750,-1
4,431,2978,Analysed,53.49,58675.41,69.74,9076.96,89.72,25894.27,8183.48,32889.11,22141,1274,1366,0.18,0.88,0.38,0.32,0.19,-1,-1,-1,4977420,41,H43/4,,0,0,20X,0.32,0.321,1341907.5,2348.52,New Submap,1,0,{023E1EBC-CCC9-4EB7-A9A6-BBD4CC7E07C1},\coussensaperioAII_BlobPool{10}{1001C1B5-,,,,0,100,-1,-11,2750,-1
5,432,2979,Analysed,59.95,38853.94,53.06,26279.58,96.61,56641.97,9556.68,32886.55,22141,1473,1371,0.21,1.42,0.5,0.02,0.04,-1,-1,-1,4525572,40,K43/2,,0,0,20X,0.32,0.321,1610250,2546.18,New Submap,1,0,{023E1EBC-CCC9-4EB7-A9A6-BBD4CC7E07C1},\coussensaperioAII_BlobPool{10}{1001C1B5-,,,,0,100,-1,-11,2750,-1
6,433,2980,Analysed,51.18,28865.86,72.42,6340.91,95.19,29416.23,8183.48,34258.14,22141,1274,1372,0.29,0.62,0.42,0.25,0.16,-1,-1,-1,7454236,54,H42/0,,0,0,20X,0.32,0.321,1349193,2354.36,New Submap,1,0,{023E1EBC-CCC9-4EB7-A9A6-BBD4CC7E07C1},\coussensaperioAII_BlobPool{10}{1001C1B5-,,,,0,100,-1,-11,2750,-1
7,434,2981,Analysed,68.45,32513.65,70.81,8518.88,96.8,54181.1,9556.8,34260.7,22141,1475,1377,0.16,0.84,0.34,0.18,0.11,-1,-1,-1,4962923,42,K42/1,,0,0,20X,0.32,0.321,1618940.5,2552.13,New Submap,1,0,{023E1EBC-CCC9-4EB7-A9A6-BBD4CC7E07C1},\coussensaperioAII_BlobPool{10}{1001C1B5-,,,,0,100,-1,-11,2750,-1
8,435,2982,Analysed,26.14,2564.92,30.15,2263.44,156.28,2677.7,11027.45,33157.9,22144,1466,1444,0.89,0.65,0.75,0.05,0.13,-1,-1,-1,484753,30,L43/0,,0,0,20X,0.32,0.321,1712358,2614.39,New Submap,2,0,{DB7392AF-F3CE-46BA-ACAE-D3ACFFA61D43},\coussensaperioAII_BlobPool{10}{1001C1B5-,,,,0,100,-1,-11,2750,-1
9,436,2983,Analysed,29.22,374.21,34.2,2161.54,112.74,4195.8,12400.75,33160.3,22144,1283,1439,0.72,0.06,0.19,0.15,0.14,-1,-1,-1,638765,39,M43/4,,0,0,20X,0.32,0.321,1441115,2425.24,New Submap,2,0,{DB7392AF-F3CE-46BA-ACAE-D3ACFFA61D43},\coussensaperioAII_BlobPool{10}{1001C1B5-,,,,0,100,-1,-11,2750,-1
10,437,2984,Analysed,31.32,172.88,22.36,5161.89,151.3,4786.55,11027.45,34532.05,22144,1466,1304,0.93,0.06,0.24,0.11,0.74,-1,-1,-1,201771,33,L42/3,,0,0,20X,0.32,0.321,1505652,2473.39,New Submap,2,0,{DB7392AF-F3CE-46BA-ACAE-D3ACFFA61D43},\coussensaperioAII_BlobPool{10}{1001C1B5-,,,,0,100,-1,-11,2750,-1
11,438,2985,Analysed,42.99,26720.76,36.01,10450.63,88.61,38662.27,12398.3,34529.67,22144,1277,1299,0.19,1.8,0.54,0.14,0.19,-1,-1,-1,1024208,58,M42/3,,0,0,20X,0.32,0.321,1260881,2284.08,New Submap,2,0,{DB7392AF-F3CE-46BA-ACAE-D3ACFFA61D43},\coussensaperioAII_BlobPool{10}{1001C1B5-,,,,0,100,-1,-11,2750,-1
12,439,2986,Analysed,25.41,77101.12,29.91,11577.78,73,24598.05,13661.4,33432.44,22145,1238,1511,0.19,0.86,0.4,-0.05,-0.02,-1,-1,-1,7563303,61,O43/1,,0,0,20X,0.32,0.321,1474436,2455.69,New Submap,3,0,{13E3EDDE-3CAB-4462-ABA9-2EEAEF8B13E0},\coussensaperioAII_BlobPool{10}{1001C1B5-,,,,0,100,-1,-11,2750,-1
13,441,2987,Analysed,24.53,27476.47,29.45,8439.89,83.88,4114.04,13664.73,34800.21,22145,1231,1224,0.21,0.5,0.33,0.02,0.02,-1,-1,-1,7808942,70,O41/2,,0,0,20X,0.32,0.321,1118616.5,2167.36,New Submap,3,0,{13E3EDDE-3CAB-4462-ABA9-2EEAEF8B13E0},\coussensaperioAII_BlobPool{10}{1001C1B5-,,,,0,100,-1,-11,2750,-1
14,442,2988,Analysed,30.77,252.18,34.5,1425.34,87.72,3314.47,15029.68,34803.4,22145,1500,1231,0.42,0.02,0.08,0,0.03,-1,-1,-1,6507005,62,P41/4,,0,0,20X,0.32,0.321,1447332.5,2435.51,New Submap,3,0,{13E3EDDE-3CAB-4462-ABA9-2EEAEF8B13E0},\coussensaperioAII_BlobPool{10}{1001C1B5-,,,,0,100,-1,-11,2750,-1
15,443,2989,Analysed,27.93,1587.74,36.02,7415.66,86.12,8789.54,16592.95,33158.94,22144,1254,1442,0.11,0.01,0.03,0,0.05,-1,-1,-1,11555327,44,R43/0,,0,0,20X,0.32,0.321,1412598,2406.52,New Submap,4,0,{E874ED7F-9CEF-48E6-BAC9-188314B42ABC},\coussensaperioAII_BlobPool{10}{1001C1B5-,Submap Default,,,1,100,-1,-11,2750,-1
16,445,2990,Analysed,31.67,556.85,58.71,724.07,79.28,1665.81,16592.95,34527.31,22144,1254,1295,0.04,0.02,0.03,0.02,0.47,-1,-1,-1,7211310,47,R42/1,,0,0,20X,0.32,0.321,1226495.5,2257.84,New Submap,4,0,{E874ED7F-9CEF-48E6-BAC9-188314B42ABC},\coussensaperioAII_BlobPool{10}{1001C1B5-,Submap Default,,,1,100,-1,-11,2750,-1
17,446,2991,Analysed,29.45,796.8,60.89,615.5,68.91,364.86,17963.72,34530.2,22144,1487,1300,0.24,0.01,0.05,0.06,0.03,-1,-1,-1,8598159,45,S42/3,,0,0,20X,0.32,0.321,1530096,2491,New Submap,4,0,{E874ED7F-9CEF-48E6-BAC9-188314B42ABC},\coussensaperioAII_BlobPool{10}{1001C1B5-,Submap Default,,,1,100,-1,-11,2750,-1
18,447,2992,Analysed,35.21,1687.38,43.61,1195.87,83.26,7212.79,19832.85,32924.45,22142,1495,1295,0.06,0.03,0.05,0,0.02,-1,-1,-1,8909681,46,U43/0,,0,0,20X,0.32,0.321,1531536,2493.05,New Submap,5,0,{2C751475-121E-4F8A-A356-BB850AB77520},\coussensaperioAII_BlobPool{10}{1001C1B5-,,,,0,100,-1,-11,2750,-1
19,448,2993,Analysed,24.08,3196.65,42.87,851.45,35.36,61.84,21203.43,32928.38,22142,1247,1287,0.05,0.02,0.03,0.07,0.04,-1,-1,-1,1996160,37,W43/2,,0,0,20X,0.32,0.321,1213049,2244.89,New Submap,5,0,{2C751475-121E-4F8A-A356-BB850AB77520},\coussensaperioAII_BlobPool{10}{1001C1B5-,,,,0,100,-1,-11,2750,-1
20,450,2994,Analysed,24.23,6527.55,37.38,1263.46,36.79,130.87,21206.2,34294.68,22142,1253,1445,0.11,0.13,0.12,0.06,0.04,-1,-1,-1,7282187,54,W42/1,,0,0,20X,0.32,0.321,1409570.5,2402.27,New Submap,5,0,{2C751475-121E-4F8A-A356-BB850AB77520},\coussensaperioAII_BlobPool{10}{1001C1B5-,,,,0,100,-1,-11,2750,-1
21,451,2995,Analysed,25.85,2869.59,43,744,51.32,144.53,5248.8,36020.13,22143,1263,1264,0.17,0.06,0.1,0.08,0.01,-1,-1,-1,1113099,32,E40/0,,0,0,20X,0.32,0.321,1200778.5,2236.51,New Submap,0,1,{E13ED1E0-B4A2-4A51-B308-51C5C9BC90B8},\coussensaperioAII_BlobPool{10}{1001C1B5-,,,,0,100,-1,-11,2750,-1
22,452,2996,Analysed,33.09,1335.05,86.63,11327.55,93.18,62836.8,6617.83,36017.4,22143,1476,1269,0.05,0,-0.01,0.01,0.24,-1,-1,-1,3647065,36,G40/2,,0,0,20X,0.32,0.321,1472864.5,2449.97,New Submap,0,1,{E13ED1E0-B4A2-4A51-B308-51C5C9BC90B8},\coussensaperioAII_BlobPool{10}{1001C1B5-,,,,0,100,-1,-11,2750,-1
23,453,2997,Analysed,24.25,4707.45,67.74,1637.97,77.5,470.77,5248.17,37388.82,22143,1265,1473,0.05,0,0.01,0.11,0,-1,-1,-1,1715725,43,E39/3,,0,0,20X,0.32,0.321,1464919,2445.56,New Submap,0,1,{E13ED1E0-B4A2-4A51-B308-51C5C9BC90B8},\coussensaperioAII_BlobPool{10}{1001C1B5-,,,,0,100,-1,-11,2750,-1
24,455,2998,Analysed,34.08,3396.74,104.85,21628.21,107.48,35511.64,8116.36,36316.92,22142,1408,1286,0.33,0,-0.01,-0.01,0.65,-1,-1,-1,3473459,57,H40/0,,0,0,20X,0.32,0.321,1407006,2401.04,New Submap,1,1,{259E7E02-770D-412B-B826-02F9D27463C5},\coussensaperioAII_BlobPool{10}{1001C1B5-,,,,0,100,-1,-11,2750,-1
25,456,2999,Analysed,28.77,7156.4,106.77,48006.91,103.79,140826.04,9486.64,36316.7,22142,1334,1287,6.09,0.01,0.18,0.09,0.5,-1,-1,-1,3351526,63,J40/3,,0,0,20X,0.32,0.321,1314632.5,2327.52,New Submap,1,1,{259E7E02-770D-412B-B826-02F9D27463C5},\coussensaperioAII_BlobPool{10}{1001C1B5-,,,,0,100,-1,-11,2750,-1
26,457,3000,Analysed,29.86,2472.47,39.78,7552.28,48.68,22803.12,8116.36,37690.63,22142,1408,1461,1.98,0.16,0.57,0.24,0.27,-1,-1,-1,1773738,42,H38/4,,0,0,20X,0.32,0.321,1652422.5,2575.2,New Submap,1,1,{259E7E02-770D-412B-B826-02F9D27463C5},\coussensaperioAII_BlobPool{10}{1001C1B5-,,,,0,100,-1,-11,2750,-1
27,458,3001,Analysed,32.08,5983.65,44.45,15609.84,84.49,22044.53,9489.7,37690.85,22142,1340,1462,1.29,0.29,0.61,0.18,0.18,-1,-1,-1,3868635,48,J38/4,,0,0,20X,0.32,0.321,1547104,2501.73,New Submap,1,1,{259E7E02-770D-412B-B826-02F9D27463C5},\coussensaperioAII_BlobPool{10}{1001C1B5-,,,,0,100,-1,-11,2750,-1
28,459,3002,Analysed,32.13,1133.93,46.02,6162.58,89.8,13997.65,11001.15,36564.5,22147,1518,1407,0.42,0.02,0.09,0.02,0.1,-1,-1,-1,4129143,62,L39/4,,0,0,20X,0.32,0.321,1731368.5,2626.71,New Submap,2,1,{2AD334E4-FA7E-49AB-ABD1-B899F84DC962},\coussensaperioAII_BlobPool{10}{1001C1B5-,,,,0,100,-1,-11,2750,-1
29,460,3003,Analysed,34.28,190.85,54.7,1630.58,85.61,21176.65,12374.45,36569.64,22147,1229,1397,0.14,0.01,0.03,0,0.15,-1,-1,-1,2996860,61,M39/4,,0,0,20X,0.32,0.321,1320095,2333.67,New Submap,2,1,{2AD334E4-FA7E-49AB-ABD1-B899F84DC962},\coussensaperioAII_BlobPool{10}{1001C1B5-,,,,0,100,-1,-11,2750,-1
30,461,3004,Analysed,39.12,685.76,69.9,3233.32,116.19,12030.05,11001.15,37938.65,22147,1518,1341,0.1,0,0.01,0,0.06,-1,-1,-1,6501568,58,L38/0,,0,0,20X,0.32,0.321,1630357,2559.98,New Submap,2,1,{2AD334E4-FA7E-49AB-ABD1-B899F84DC962},\coussensaperioAII_BlobPool{10}{1001C1B5-,,,,0,100,-1,-11,2750,-1
31,462,3005,Analysed,30.11,2291.89,65.82,801.63,75.22,1229.76,12373.3,37933.48,22147,1228,1331,0.07,0,0.02,0.01,0,-1,-1,-1,5722537,65,M38/4,,0,0,20X,0.32,0.321,1238703,2266.92,New Submap,2,1,{2AD334E4-FA7E-49AB-ABD1-B899F84DC962},\coussensaperioAII_BlobPool{10}{1001C1B5-,,,,0,100,-1,-11,2750,-1
32,463,3006,Analysed,36.19,227.22,34.1,6505.46,69.93,11435.92,13676.3,36632.31,22148,1208,1271,0.18,0.01,0.04,0,0.19,-1,-1,-1,8079881,76,O39/2,,0,0,20X,0.32,0.321,1144412.5,2190.86,New Submap,3,1,{78F8BDE5-92BE-467F-AC7E-4704A2FA11FD},\coussensaperioAII_BlobPool{10}{1001C1B5-,Submap Default,,,1,100,-1,-11,2750,-1
33,464,3007,Analysed,31.54,200.92,28.96,2877.39,75.15,644.77,15046.41,36627.15,22148,1533,1282,0.29,0.04,0.11,0.02,0.06,-1,-1,-1,8984191,65,P39/4,,0,0,20X,0.32,0.321,1563350,2517.1,New Submap,3,1,{78F8BDE5-92BE-467F-AC7E-4704A2FA11FD},\coussensaperioAII_BlobPool{10}{1001C1B5-,Submap Default,,,1,100,-1,-11,2750,-1
34,465,3008,Analysed,37.05,936.5,42.06,6943.77,95.66,29445.3,13676.3,37996.14,22148,1208,1456,0.12,0.03,0.06,0,0.05,-1,-1,-1,9572187,79,O38/0,,0,0,20X,0.32,0.321,1366924.5,2374.95,New Submap,3,1,{78F8BDE5-92BE-467F-AC7E-4704A2FA11FD},\coussensaperioAII_BlobPool{10}{1001C1B5-,Submap Default,,,1,100,-1,-11,2750,-1
35,467,3009,Analysed,43.52,5640.15,68.42,4336.63,81.68,17454.18,16611.6,36519.73,22148,1217,1497,0.52,0.11,0.24,0.12,0.25,-1,-1,-1,7400013,36,R40/1,,0,0,20X,0.32,0.321,1428681.5,2422.18,New Submap,4,1,{7DAF2B26-373C-4828-88A8-3AC83511ED97},\coussensaperioAII_BlobPool{10}{1001C1B5-,Submap Default,,,1,100,-1,-11,2750,-1
36,469,3010,Analysed,57.79,2847.19,69.26,10337.12,81.65,8061.47,16614.07,37885.22,22148,1212,1234,0.14,0.04,0.07,0,0.09,-1,-1,-1,7442517,42,R38/0,,0,0,20X,0.32,0.321,1108783.5,2158.83,New Submap,4,1,{7DAF2B26-373C-4828-88A8-3AC83511ED97},\coussensaperioAII_BlobPool{10}{1001C1B5-,Submap Default,,,1,100,-1,-11,2750,-1
37,470,3011,Analysed,37.13,9754.19,85.93,2417.1,92.81,8941.67,17980.36,37889.55,22148,1521,1243,0.13,0.03,0.06,0.03,0.18,-1,-1,-1,8375127,37,S38/0,,0,0,20X,0.32,0.321,1490847.5,2467.41,New Submap,4,1,{7DAF2B26-373C-4828-88A8-3AC83511ED97},\coussensaperioAII_BlobPool{10}{1001C1B5-,Submap Default,,,1,100,-1,-11,2750,-1
38,471,3012,Analysed,30.11,859.97,30.78,19593.94,37.67,2644.01,19812.5,36304.7,22146,1536,1311,0.5,0.05,0.15,0.01,0.06,-1,-1,-1,8203785,36,U40/0,,0,0,20X,0.32,0.321,1607305,2546.62,New Submap,5,1,{4A96003F-EF82-4C6C-BD28-C5AADF3B2D3A},\coussensaperioAII_BlobPool{10}{1001C1B5-,Submap Default,,,1,100,-1,-11,2750,-1
39,472,3013,Analysed,30.79,5839.73,44.59,2869.07,65.24,33117.44,21183.62,36310.78,22146,1207,1298,0.18,0.07,0.11,0.04,-0.01,-1,-1,-1,5453403,30,V40/3,,0,0,20X,0.32,0.321,1179717,2218.31,New Submap,5,1,{4A96003F-EF82-4C6C-BD28-C5AADF3B2D3A},\coussensaperioAII_BlobPool{10}{1001C1B5-,Submap Default,,,1,100,-1,-11,2750,-1
40,474,3014,Analysed,41.68,1202.03,42.28,5463.88,85.66,22466.92,21185.85,37672.8,22146,1212,1426,0.01,0.01,0.01,0.03,0,-1,-1,-1,7823046,33,V38/4,,0,0,20X,0.32,0.321,1332023.5,2344.44,New Submap,5,1,{4A96003F-EF82-4C6C-BD28-C5AADF3B2D3A},\coussensaperioAII_BlobPool{10}{1001C1B5-,Submap Default,,,1,100,-1,-11,2750,-1
41,475,3015,Analysed,33.21,2437.75,87.3,29369.19,85.34,28189.04,5162.42,39354.4,22145,1436,1371,0.1,0,0,0.01,0.56,-1,-1,-1,11002303,72,E37/3,,0,0,20X,0.32,0.321,1564492,2512.89,New Submap,0,2,{A996381A-E1D2-4BC7-B1DC-876E28AB08C9},\coussensaperioAII_BlobPool{10}{1001C1B5-,Submap Default,,,1,100,-1,-11,2750,-1
42,476,3016,Analysed,31.01,2255.63,88.68,8743.83,92.06,17530.5,6535.64,39355.21,22145,1312,1369,0.02,0,0,0,0.24,-1,-1,-1,8669424,67,F37/3,,0,0,20X,0.32,0.321,1388897,2386.25,New Submap,0,2,{A996381A-E1D2-4BC7-B1DC-876E28AB08C9},\coussensaperioAII_BlobPool{10}{1001C1B5-,Submap Default,,,1,100,-1,-11,2750,-1
43,477,3017,Analysed,31.93,1856.05,64.28,11456.67,96.26,23828.88,5162.42,40728.55,22145,1436,1377,0.05,0,0.01,0,0.05,-1,-1,-1,13302277,73,E35/0,,0,0,20X,0.32,0.321,1571672,2517.89,New Submap,0,2,{A996381A-E1D2-4BC7-B1DC-876E28AB08C9},\coussensaperioAII_BlobPool{10}{1001C1B5-,Submap Default,,,1,100,-1,-11,2750,-1
44,478,3018,Analysed,35.5,536.2,61.35,4312.19,90.16,7438.98,6535.74,40727.73,22145,1312,1375,0.07,0,0.01,0,0.32,-1,-1,-1,9685352,66,F35/4,,0,0,20X,0.32,0.321,1395379.5,2391.23,New Submap,0,2,{A996381A-E1D2-4BC7-B1DC-876E28AB08C9},\coussensaperioAII_BlobPool{10}{1001C1B5-,Submap Default,,,1,100,-1,-11,2750,-1
45,479,3019,Analysed,37.1,3545.38,60.25,1742.44,89.5,24466.26,8127.55,39916.31,22147,1385,1479,0.01,0,0.01,0,0.05,-1,-1,-1,13153899,52,H36/0,,0,0,20X,0.32,0.321,1646836,2571.32,New Submap,1,2,{99D74FA9-4F93-4D40-B748-7DAC90E17873},\coussensaperioAII_BlobPool{10}{1001C1B5-,Submap Default,,,1,100,-1,-11,2750,-1
46,480,3020,Analysed,36.74,4100.48,51.13,6461.19,89.26,27780.62,9500.85,39915.7,22147,1362,1480,0.06,0.01,0.02,-0.01,0.08,-1,-1,-1,10425100,48,J36/4,,0,0,20X,0.32,0.321,1606381,2542.77,New Submap,1,2,{99D74FA9-4F93-4D40-B748-7DAC90E17873},\coussensaperioAII_BlobPool{10}{1001C1B5-,Submap Default,,,1,100,-1,-11,2750,-1
47,481,3021,Analysed,25.52,71361.02,51.25,6020.62,94.06,14774.63,8128.29,41289.29,22147,1384,1267,0.04,0.02,0,-0.02,0.09,-1,-1,-1,8401405,49,H35/3,,0,0,20X,0.32,0.321,1350919,2357.44,New Submap,1,2,{99D74FA9-4F93-4D40-B748-7DAC90E17873},\coussensaperioAII_BlobPool{10}{1001C1B5-,Submap Default,,,1,100,-1,-11,2750,-1
48,482,3022,Analysed,37.66,4049.63,49.26,6417.33,92.86,39975.34,9497.15,41289.9,22147,1354,1268,0.14,0.02,0.05,-0.01,0.13,-1,-1,-1,8524035,53,J35/3,,0,0,20X,0.32,0.321,1316027,2328.58,New Submap,1,2,{99D74FA9-4F93-4D40-B748-7DAC90E17873},\coussensaperioAII_BlobPool{10}{1001C1B5-,Submap Default,,,1,100,-1,-11,2750,-1
49,483,3023,Analysed,37.9,3188.22,53.52,3650.98,85.56,16165.97,10984.55,39971.6,22149,1551,1369,0.25,0.03,0.08,0.01,0.19,-1,-1,-1,3467590,47,L36/0,,0,0,20X,0.32,0.321,1718442,2619.83,New Submap,2,2,{B210F3B6-C569-46DE-99F3-D8A9F68BC564},\coussensaperioAII_BlobPool{10}{1001C1B5-,,,,0,100,-1,-11,2750,-1
50,484,3024,Analysed,38.72,2399.44,59.11,1891.69,88.99,18064.65,12357.71,39978.52,22149,1196,1355,0.1,0.06,0.08,0.01,0.03,-1,-1,-1,3948902,51,M36/3,,0,0,20X,0.32,0.321,1228127,2261.32,New Submap,2,2,{B210F3B6-C569-46DE-99F3-D8A9F68BC564},\coussensaperioAII_BlobPool{10}{1001C1B5-,,,,0,100,-1,-11,2750,-1
51,485,3025,Analysed,51.6,1554.67,65.97,5540.51,105.77,31737.91,10984.55,41345.75,22149,1551,1380,0.23,0.01,0.05,0.02,0.03,-1,-1,-1,5151741,57,L35/1,,0,0,20X,0.32,0.321,1733521,2629.68,New Submap,2,2,{B210F3B6-C569-46DE-99F3-D8A9F68BC564},\coussensaperioAII_BlobPool{10}{1001C1B5-,,,,0,100,-1,-11,2750,-1
52,486,3026,Analysed,38.35,4233.19,52.48,732.39,82.23,17326.4,12357.9,41338.87,22149,1197,1366,0.07,0.04,0.05,0,0.04,-1,-1,-1,5991036,68,M35/3,,0,0,20X,0.32,0.321,1240044.5,2271.31,New Submap,2,2,{B210F3B6-C569-46DE-99F3-D8A9F68BC564},\coussensaperioAII_BlobPool{10}{1001C1B5-,,,,0,100,-1,-11,2750,-1
53,487,3027,Analysed,37.05,8324.74,83.31,12972,60.37,21431.91,13670.9,39910.35,22151,1219,1491,0.02,0,-0.01,-0.01,0.05,-1,-1,-1,9925643,52,O36/0,,0,0,20X,0.32,0.321,1423946.5,2419.03,New Submap,3,2,{94971A5F-8271-4AEA-9E3B-5624071CA2C8},\coussensaperioAII_BlobPool{10}{1001C1B5-,,,,0,100,-1,-11,2750,-1
54,489,3028,Analysed,53.28,4249.53,83.07,14506.22,85.58,12847.19,13672.98,41276.15,22151,1215,1240,0,0,-0.01,-0.01,0.16,-1,-1,-1,7600945,57,O35/1,,0,0,20X,0.32,0.321,1117144,2166.85,New Submap,3,2,{94971A5F-8271-4AEA-9E3B-5624071CA2C8},\coussensaperioAII_BlobPool{10}{1001C1B5-,,,,0,100,-1,-11,2750,-1
55,490,3029,Analysed,38.64,2570.88,76.57,3680.97,73.05,10802.24,15039.81,41280.35,22151,1521,1249,0.19,0.02,0.06,0,0.01,-1,-1,-1,9619424,52,P35/3,,0,0,20X,0.32,0.321,1497917.5,2472.12,New Submap,3,2,{94971A5F-8271-4AEA-9E3B-5624071CA2C8},\coussensaperioAII_BlobPool{10}{1001C1B5-,,,,0,100,-1,-11,2750,-1
56,491,3030,Analysed,27.99,3098.75,48.64,2758.03,100.06,31181.79,16569.56,39730.18,22151,1302,1236,0.46,0.02,0.11,0,0,-1,-1,-1,9159598,59,R36/2,,0,0,20X,0.32,0.321,1215687.5,2247.71,New Submap,4,2,{1C8C5BF4-DFE8-4F16-BCBD-0CF6758D2EF5},\coussensaperioAII_BlobPool{10}{1001C1B5-,Submap Default,,,1,100,-1,-11,2750,-1
57,492,3031,Analysed,63.94,356.95,53.78,3921.13,84.88,23852.51,17935.49,39728.2,22151,1431,1240,0.78,0.11,0.3,0,0.01,-1,-1,-1,9231580,57,S36/0,,0,0,20X,0.32,0.321,1377046,2377.48,New Submap,4,2,{1C8C5BF4-DFE8-4F16-BCBD-0CF6758D2EF5},\coussensaperioAII_BlobPool{10}{1001C1B5-,Submap Default,,,1,100,-1,-11,2750,-1
58,493,3032,Analysed,37.47,801.22,50.94,4300.58,95.28,60380.56,16566.85,41100.37,22151,1307,1505,0.22,0.02,0.07,0,0.01,-1,-1,-1,12789267,58,R35/1,,0,0,20X,0.32,0.321,1566167,2516.34,New Submap,4,2,{1C8C5BF4-DFE8-4F16-BCBD-0CF6758D2EF5},\coussensaperioAII_BlobPool{10}{1001C1B5-,Submap Default,,,1,100,-1,-11,2750,-1
59,495,3033,Analysed,37.67,957.66,39,14738.16,60.51,11378.4,19792.15,39684.95,22151,1577,1326,0.08,0.03,0.04,0.01,0.07,-1,-1,-1,10651149,59,U36/0,,0,0,20X,0.32,0.321,1685055.5,2601.06,New Submap,5,2,{39003ED3-CDB4-49DF-85BE-B0E74FFCBD77},\coussensaperioAII_BlobPool{10}{1001C1B5-,,,,0,100,-1,-11,2750,-1
60,496,3034,Analysed,29.8,2528.66,28.05,4557.07,52.72,6622.67,21163.82,39693.13,22151,1167,1310,0.06,0.08,0.07,0.01,0.05,-1,-1,-1,7307128,56,V36/4,,0,0,20X,0.32,0.321,1144726,2191.01,New Submap,5,2,{39003ED3-CDB4-49DF-85BE-B0E74FFCBD77},\coussensaperioAII_BlobPool{10}{1001C1B5-,,,,0,100,-1,-11,2750,-1
61,498,3035,Analysed,30.24,6390.62,51.58,5983.03,50.73,50925.8,21165.5,41050.92,22151,1171,1406,2.15,0.1,0.47,0.35,0.48,-1,-1,-1,6954503,58,V35/3,,0,0,20X,0.32,0.321,1256045.5,2286.25,New Submap,5,2,{39003ED3-CDB4-49DF-85BE-B0E74FFCBD77},\coussensaperioAII_BlobPool{10}{1001C1B5-,,,,0,100,-1,-11,2750,-1
62,499,3036,Analysed,32.49,2768.61,55.5,20527.15,78.4,11548.6,5184.78,42770.11,22148,1391,1316,0.14,0,0.01,0.07,0.05,-1,-1,-1,10084043,70,E33/0,,0,0,20X,0.32,0.321,1427251,2413.68,New Submap,0,3,{F57F3B2F-5B64-409F-BC24-6D7E85C2A3A0},\coussensaperioAII_BlobPool{10}{1001C1B5-,,,,0,100,-1,-11,2750,-1
63,500,3037,Analysed,33.15,1247.02,61.94,5423.82,86.33,2368.31,6556.1,42769.6,22148,1353,1317,0.01,0,0,0,0.05,-1,-1,-1,8695253,69,F33/4,,0,0,20X,0.32,0.321,1376564,2374.89,New Submap,0,3,{F57F3B2F-5B64-409F-BC24-6D7E85C2A3A0},\coussensaperioAII_BlobPool{10}{1001C1B5-,,,,0,100,-1,-11,2750,-1
64,501,3038,Analysed,43.95,6520.46,62.44,51730.72,93.13,30097.78,5184.78,44143.29,22148,1391,1430,0.26,0.01,0.03,0.07,0.01,-1,-1,-1,11535442,68,E32/3,,0,0,20X,0.32,0.321,1585409,2527.53,New Submap,0,3,{F57F3B2F-5B64-409F-BC24-6D7E85C2A3A0},\coussensaperioAII_BlobPool{10}{1001C1B5-,,,,0,100,-1,-11,2750,-1
65,502,3039,Analysed,31.53,7773.44,74.91,22666.09,83.65,20445.59,6558.11,44143.8,22148,1357,1432,0.02,0,-0.01,-0.01,0.03,-1,-1,-1,9631672,63,F32/3,,0,0,20X,0.32,0.321,1530903,2489.03,New Submap,0,3,{F57F3B2F-5B64-409F-BC24-6D7E85C2A3A0},\coussensaperioAII_BlobPool{10}{1001C1B5-,,,,0,100,-1,-11,2750,-1
66,503,3040,Analysed,44.67,2805.59,48.77,209018.15,75.86,17472.57,8090.26,43005.6,22148,1460,1461,0.32,0,0,0,0.18,-1,-1,-1,7818176,76,H33/0,,0,0,20X,0.32,0.321,1728278.5,2625.29,New Submap,1,3,{F957AF65-2C11-4359-BF8C-B52BC35A7795},\coussensaperioAII_BlobPool{10}{1001C1B5-,Submap Default,,,1,100,-1,-11,2750,-1
67,504,3041,Analysed,52.03,1940.79,62.18,20573.99,71.01,22587,9463.6,43007.69,22148,1288,1457,0.03,0,0,0,0.15,-1,-1,-1,9545787,77,J33/3,,0,0,20X,0.32,0.321,1470741.5,2447.45,New Submap,1,3,{F957AF65-2C11-4359-BF8C-B52BC35A7795},\coussensaperioAII_BlobPool{10}{1001C1B5-,Submap Default,,,1,100,-1,-11,2750,-1
68,505,3042,Analysed,52.79,3416.88,62.65,23088.37,82.34,18757.9,8090.26,44379.75,22148,1460,1288,0.01,0,0,0,0.19,-1,-1,-1,11102442,76,H31/4,,0,0,20X,0.32,0.321,1473808,2451.13,New Submap,1,3,{F957AF65-2C11-4359-BF8C-B52BC35A7795},\coussensaperioAII_BlobPool{10}{1001C1B5-,Submap Default,,,1,100,-1,-11,2750,-1
69,506,3043,Analysed,50.15,3337.48,47.91,214850.38,81.37,15546.36,9460.57,44377.65,22148,1281,1283,0.13,0,-0.01,0,0.18,-1,-1,-1,9163738,82,J31/4,,0,0,20X,0.32,0.321,1247361.5,2273.25,New Submap,1,3,{F957AF65-2C11-4359-BF8C-B52BC35A7795},\coussensaperioAII_BlobPool{10}{1001C1B5-,Submap Default,,,1,100,-1,-11,2750,-1
70,507,3044,Analysed,38.01,1481.74,69.34,1927.23,90.91,12689.62,11014.4,43050.3,22151,1491,1371,0.05,0,0.01,0.03,0.21,-1,-1,-1,5663236,49,L33/0,,0,0,20X,0.32,0.321,1641449,2566.2,New Submap,2,3,{F123F55B-38D5-4894-819B-9480B8B6B389},\coussensaperioAII_BlobPool{10}{1001C1B5-,,,,0,100,-1,-11,2750,-1
71,508,3045,Analysed,36.31,1533.51,32.63,520.79,78.75,2113.57,12387.61,43054.05,22151,1256,1364,0.04,0.07,0.05,0.04,0.05,-1,-1,-1,2490132,49,M33/3,,0,0,20X,0.32,0.321,1312919.5,2327.31,New Submap,2,3,{F123F55B-38D5-4894-819B-9480B8B6B389},\coussensaperioAII_BlobPool{10}{1001C1B5-,,,,0,100,-1,-11,2750,-1
72,509,3046,Analysed,37.85,2039.81,41.95,1997.08,96.6,9074.49,11014.4,44424.45,22151,1491,1377,0.21,0.06,0.11,0.07,0.37,-1,-1,-1,4355702,50,L31/4,,0,0,20X,0.32,0.321,1647949.5,2570.83,New Submap,2,3,{F123F55B-38D5-4894-819B-9480B8B6B389},\coussensaperioAII_BlobPool{10}{1001C1B5-,,,,0,100,-1,-11,2750,-1
73,510,3047,Analysed,30.3,1168.03,20.78,6737.1,74.22,1687.79,12387.7,44420.68,22151,1256,1369,0.32,0.12,0.16,0.01,0.28,-1,-1,-1,613740,44,M31/4,,0,0,20X,0.32,0.321,1318374,2332,New Submap,2,3,{F123F55B-38D5-4894-819B-9480B8B6B389},\coussensaperioAII_BlobPool{10}{1001C1B5-,,,,0,100,-1,-11,2750,-1
74,511,3048,Analysed,27.96,216517.53,79.03,30469.22,80.38,3577.94,13650.2,43034.45,22153,1260,1403,1.43,0.2,0.48,-0.02,-0.01,-1,-1,-1,9186613,70,O33/1,,0,0,20X,0.32,0.321,1370688,2372.5,New Submap,3,3,{A79A30BD-7BEA-429C-8C85-85D2C457224C},\coussensaperioAII_BlobPool{10}{1001C1B5-,,,,0,100,-1,-11,2750,-1
75,512,3049,Analysed,35.71,28842.75,38.27,136962.84,63.85,20630.59,15023.55,43031.65,22153,1487,1409,1.6,0.11,0.38,0.09,0.03,-1,-1,-1,9045464,61,P33/0,,0,0,20X,0.32,0.321,1685326,2596.55,New Submap,3,3,{A79A30BD-7BEA-429C-8C85-85D2C457224C},\coussensaperioAII_BlobPool{10}{1001C1B5-,,,,0,100,-1,-11,2750,-1
76,513,3050,Analysed,35.92,28582.87,65.71,19651.36,81.18,7973.74,13650.2,44403,22153,1260,1334,2.61,0.28,0.85,-0.03,-0.02,-1,-1,-1,3844221,47,O31/2,,0,0,20X,0.32,0.321,1282728,2302.59,New Submap,3,3,{A79A30BD-7BEA-429C-8C85-85D2C457224C},\coussensaperioAII_BlobPool{10}{1001C1B5-,,,,0,100,-1,-11,2750,-1
77,514,3051,Analysed,36.01,27403.13,62.74,16191.55,74.44,4209.98,15022.34,44405.8,22153,1485,1340,1.9,0.34,0.8,-0.01,0,-1,-1,-1,6622209,65,P31/4,,0,0,20X,0.32,0.321,1581299.5,2526.43,New Submap,3,3,{A79A30BD-7BEA-429C-8C85-85D2C457224C},\coussensaperioAII_BlobPool{10}{1001C1B5-,,,,0,100,-1,-11,2750,-1
78,515,3052,Analysed,31.75,834.91,38.24,805.02,70.78,17669.59,16559.4,43048.27,22154,1322,1375,0.08,0.08,0.08,0,0,-1,-1,-1,9948722,65,R33/1,,0,0,20X,0.32,0.321,1418239.5,2405.58,New Submap,4,3,{0C9266DC-38C2-4E5E-82C0-5A6630727F17},\coussensaperioAII_BlobPool{10}{1001C1B5-,Submap Default,,,1,100,-1,-11,2750,-1
79,516,3053,Analysed,39.1,166.61,35.56,615.5,71.27,6533.51,17932.75,43046.55,22154,1426,1379,0.04,0.14,0.08,0.01,0.01,-1,-1,-1,10600347,58,S33/0,,0,0,20X,0.32,0.321,1556040.5,2507.16,New Submap,4,3,{0C9266DC-38C2-4E5E-82C0-5A6630727F17},\coussensaperioAII_BlobPool{10}{1001C1B5-,Submap Default,,,1,100,-1,-11,2750,-1
80,517,3054,Analysed,37.26,591.26,44.85,838.09,75.44,9966.72,16559.4,44418.98,22154,1322,1366,0.14,0.04,0.07,0.01,0.01,-1,-1,-1,7794375,71,R31/2,,0,0,20X,0.32,0.321,1404590,2394.9,New Submap,4,3,{0C9266DC-38C2-4E5E-82C0-5A6630727F17},\coussensaperioAII_BlobPool{10}{1001C1B5-,Submap Default,,,1,100,-1,-11,2750,-1
81,518,3055,Analysed,39.18,263.17,41.89,954.89,73.94,8407.84,17932.59,44420.7,22154,1426,1369,0.1,0.04,0.06,0.01,0.01,-1,-1,-1,7247790,69,S31/4,,0,0,20X,0.32,0.321,1541646,2496.64,New Submap,4,3,{0C9266DC-38C2-4E5E-82C0-5A6630727F17},\coussensaperioAII_BlobPool{10}{1001C1B5-,Submap Default,,,1,100,-1,-11,2750,-1
82,519,3056,Analysed,37.16,3367.06,79.65,24526.45,71.62,3227.46,19561.85,43071.34,22154,1197,1329,1.35,0.01,0.08,0.07,0.07,-1,-1,-1,7060217,68,U33/0,,0,0,20X,0.32,0.321,1202247.5,2238.77,New Submap,5,3,{67D21810-0338-4111-9DFD-8A082B2318E0},\coussensaperioAII_BlobPool{10}{1001C1B5-,,,,0,100,-1,-11,2750,-1
83,520,3057,Analysed,36.89,1207.88,70.24,6599.86,78.75,18055.61,20934.01,43065.2,22154,1549,1341,0.05,0,0.01,0,0,-1,-1,-1,10325163,61,V33/3,,0,0,20X,0.32,0.321,1670095,2589.79,New Submap,5,3,{67D21810-0338-4111-9DFD-8A082B2318E0},\coussensaperioAII_BlobPool{10}{1001C1B5-,,,,0,100,-1,-11,2750,-1
84,521,3058,Analysed,40.54,4346.19,80.52,9720.7,61.26,5389.82,19561.85,44433.21,22154,1197,1394,0.11,0,0.01,0.03,0.07,-1,-1,-1,9427996,66,U31/2,,0,0,20X,0.32,0.321,1279095.5,2302.86,New Submap,5,3,{67D21810-0338-4111-9DFD-8A082B2318E0},\coussensaperioAII_BlobPool{10}{1001C1B5-,,,,0,100,-1,-11,2750,-1
85,523,3059,Analysed,42.98,7398.72,88.35,15110.83,93.45,19061.96,5162.42,46076.8,22151,1436,1478,0.96,0.03,0.16,0.02,0.03,-1,-1,-1,11923261,46,E30/3,,0,0,20X,0.32,0.321,1718370.5,2619.51,New Submap,0,4,{62795AFC-0D45-43F5-90CF-6F2F12F4BEA7},\coussensaperioAII_BlobPool{10}{1001C1B5-,Submap Default,,,1,100,-1,-11,2750,-1
86,524,3060,Analysed,36.64,2658.09,92.87,52649.96,79.82,6853.17,6535.74,46077.62,22151,1312,1477,1.01,0,0.03,0.05,0.05,-1,-1,-1,8493248,46,F30/3,,0,0,20X,0.32,0.321,1529389,2490.08,New Submap,0,4,{62795AFC-0D45-43F5-90CF-6F2F12F4BEA7},\coussensaperioAII_BlobPool{10}{1001C1B5-,Submap Default,,,1,100,-1,-11,2750,-1
87,525,3061,Analysed,38.51,6279.68,93.04,19396.72,86.45,9919.46,5163,47450.95,22151,1435,1270,0.13,0,0.01,0.01,0.22,-1,-1,-1,9894355,46,E28/0,,0,0,20X,0.32,0.321,1417629,2410.19,New Submap,0,4,{62795AFC-0D45-43F5-90CF-6F2F12F4BEA7},\coussensaperioAII_BlobPool{10}{1001C1B5-,Submap Default,,,1,100,-1,-11,2750,-1
88,526,3062,Analysed,42.52,2398.51,99.02,19770.93,101.87,24696.56,6532.1,47450.14,22151,1304,1268,0.9,0,0.05,-0.01,0.06,-1,-1,-1,7244563,46,F28/4,,0,0,20X,0.32,0.321,1255300,2280.54,New Submap,0,4,{62795AFC-0D45-43F5-90CF-6F2F12F4BEA7},\coussensaperioAII_BlobPool{10}{1001C1B5-,Submap Default,,,1,100,-1,-11,2750,-1
89,527,3063,Analysed,30.37,37953.4,32.83,32746.93,72.59,15595.16,8101.11,45893,22152,1439,1230,0.3,0.2,0.2,0.08,0.18,-1,-1,-1,4960848,50,H30/0,,0,0,20X,0.32,0.321,1372840,2376.5,New Submap,1,4,{7E752175-0CC2-4AC7-B51D-6C799C6A1C29},\coussensaperioAII_BlobPool{10}{1001C1B5-,,,,0,100,-1,-11,2750,-1
90,528,3064,Analysed,36.09,5728.39,43.95,6423.08,95.24,7987.61,9466,45894.31,22152,1293,1228,0.62,0.12,0.25,0.21,0.46,-1,-1,-1,1559990,62,J30/3,,0,0,20X,0.32,0.321,1192847,2230.22,New Submap,1,4,{7E752175-0CC2-4AC7-B51D-6C799C6A1C29},\coussensaperioAII_BlobPool{10}{1001C1B5-,,,,0,100,-1,-11,2750,-1
91,530,3065,Analysed,42.56,5312.47,45.48,7374.89,98.79,25027.63,9471.05,47265.84,22152,1303,1516,1.26,0.17,0.44,0.12,0.29,-1,-1,-1,1451502,50,J28/4,,0,0,20X,0.32,0.321,1565864.5,2517.87,New Submap,1,4,{7E752175-0CC2-4AC7-B51D-6C799C6A1C29},\coussensaperioAII_BlobPool{10}{1001C1B5-,,,,0,100,-1,-11,2750,-1
92,531,3066,Analysed,30.49,590.74,30.71,695.31,92.13,1247.02,10738.6,46121.76,22155,1203,1388,0.74,0.26,0.44,0.42,0.49,-1,-1,-1,349539,44,L30/1,,0,0,20X,0.32,0.321,1280744,2303.58,New Submap,2,4,{10E846CD-015F-4E5F-AAD8-0EBE4885E218},\coussensaperioAII_BlobPool{10}{1001C1B5-,,,,0,100,-1,-11,2750,-1
93,533,3067,Analysed,46.84,1613.63,98.67,15714.62,96.37,12177.46,10738.6,47484.83,22155,1203,1338,0.03,0,-0.01,-0.01,0.46,-1,-1,-1,3153648,50,L28/2,,0,0,20X,0.32,0.321,1218429,2251.67,New Submap,2,4,{10E846CD-015F-4E5F-AAD8-0EBE4885E218},\coussensaperioAII_BlobPool{10}{1001C1B5-,,,,0,100,-1,-11,2750,-1
94,534,3068,Analysed,47.47,4743.92,101.71,27358.55,101.06,28782.76,12111.01,47490.4,22155,1542,1349,0.03,0,-0.02,-0.01,0.58,-1,-1,-1,5045721,45,M28/0,,0,0,20X,0.32,0.321,1670698.5,2590.05,New Submap,2,4,{10E846CD-015F-4E5F-AAD8-0EBE4885E218},\coussensaperioAII_BlobPool{10}{1001C1B5-,,,,0,100,-1,-11,2750,-1
95,535,3069,Analysed,37.79,156.96,71.62,2176.64,85.75,18720.1,13590.55,46163.21,22156,1380,1306,0.08,0,0.01,0,0.05,-1,-1,-1,5667689,32,O30/1,,0,0,20X,0.32,0.321,1398622.5,2392.02,New Submap,3,4,{60BF6925-ABBE-4FC3-BF7E-A3EC352A6EBF},\coussensaperioAII_BlobPool{10}{1001C1B5-,Submap Default,,,1,100,-1,-11,2750,-1
96,536,3070,Analysed,45.82,2482.85,59.82,7099.49,86.77,25032.25,14961.52,46162.5,22156,1363,1307,1.5,0.07,0.32,0.03,0.05,-1,-1,-1,7782732,38,P30/3,,0,0,20X,0.32,0.321,1378171.5,2376.17,New Submap,3,4,{60BF6925-ABBE-4FC3-BF7E-A3EC352A6EBF},\coussensaperioAII_BlobPool{10}{1001C1B5-,Submap Default,,,1,100,-1,-11,2750,-1
97,537,3071,Analysed,33.54,3351.86,65.69,26431.91,83.61,31629.65,13590.55,47535.94,22156,1380,1440,1.89,0.02,0.19,0.02,0.11,-1,-1,-1,9989778,41,O28/2,,0,0,20X,0.32,0.321,1582578.5,2525.22,New Submap,3,4,{60BF6925-ABBE-4FC3-BF7E-A3EC352A6EBF},\coussensaperioAII_BlobPool{10}{1001C1B5-,Submap Default,,,1,100,-1,-11,2750,-1
98,538,3072,Analysed,35,2092.51,60.96,8219.35,83.83,17620.38,14963.85,47536.65,22156,1368,1441,0.88,0.02,0.14,0,0.06,-1,-1,-1,9480139,40,P28/0,,0,0,20X,0.32,0.321,1560622.5,2509.67,New Submap,3,4,{60BF6925-ABBE-4FC3-BF7E-A3EC352A6EBF},\coussensaperioAII_BlobPool{10}{1001C1B5-,Submap Default,,,1,100,-1,-11,2750,-1
99,539,3073,Analysed,34.76,21764.72,37.71,495.62,71.38,41588.14,16578.05,46176.02,22156,1285,1280,0.01,0.1,0.02,0.12,0,-1,-1,-1,7018944,36,R30/1,,0,0,20X,0.32,0.321,1245888.5,2272.76,New Submap,4,4,{E120E264-3EF2-45A0-8167-39C8E265F4A9},\coussensaperioAII_BlobPool{10}{1001C1B5-,,,,0,100,-1,-11,2750,-1
100,540,3074,Analysed,45.66,2725.88,47.17,157.47,85.27,17713.34,17948.27,46173.65,22156,1457,1285,0.01,0.02,0.01,0.03,0.01,-1,-1,-1,7254743,42,S30/3,,0,0,20X,0.32,0.321,1469837.5,2446.13,New Submap,4,4,{E120E264-3EF2-45A0-8167-39C8E265F4A9},\coussensaperioAII_BlobPool{10}{1001C1B5-,,,,0,100,-1,-11,2750,-1
101,541,3075,Analysed,50.43,4667.29,43.6,2056.15,65.39,43418,16578.05,47545.48,22156,1285,1459,0,0.01,0,0.02,-0.01,-1,-1,-1,9662436,37,R28/0,,0,0,20X,0.32,0.321,1474804,2450.92,New Submap,4,4,{E120E264-3EF2-45A0-8167-39C8E265F4A9},\coussensaperioAII_BlobPool{10}{1001C1B5-,,,,0,100,-1,-11,2750,-1
102,542,3076,Analysed,46.86,7519.1,33.38,1468.59,79.44,25906.6,17951.4,47547.85,22156,1463,1464,0,0.04,0.01,-0.01,0,-1,-1,-1,9376091,35,S28/0,,0,0,20X,0.32,0.321,1729534,2624.33,New Submap,4,4,{E120E264-3EF2-45A0-8167-39C8E265F4A9},\coussensaperioAII_BlobPool{10}{1001C1B5-,,,,0,100,-1,-11,2750,-1
103,543,3077,Analysed,43.11,9883.41,43.6,3037.53,84.44,47772.4,19576.8,46389.48,22156,1167,1469,0,0.01,0.01,0.05,0.07,-1,-1,-1,8167602,40,U29/2,,0,0,20X,0.32,0.321,1331645.5,2350.12,New Submap,5,4,{45535FC4-55F6-49F3-9F78-16794E17B39E},\coussensaperioAII_BlobPool{10}{1001C1B5-,Submap Default,,,1,100,-1,-11,2750,-1
104,545,3078,Analysed,45.02,11215.59,37.53,6919.32,64.1,27135.03,19577.97,47746.07,22156,1165,1244,0,0.03,0.01,0.02,0.09,-1,-1,-1,7448070,46,U28/0,,0,0,20X,0.32,0.321,1068217,2124.1,New Submap,5,4,{45535FC4-55F6-49F3-9F78-16794E17B39E},\coussensaperioAII_BlobPool{10}{1001C1B5-,Submap Default,,,1,100,-1,-11,2750,-1
105,546,3079,Analysed,50.75,4527.38,43.42,2778.47,68.91,36539.46,20946.21,47754.85,22156,1573,1262,0.03,0.1,0.06,0.1,0.13,-1,-1,-1,9852198,42,V28/0,,0,0,20X,0.32,0.321,1582478,2533.46,New Submap,5,4,{45535FC4-55F6-49F3-9F78-16794E17B39E},\coussensaperioAII_BlobPool{10}{1001C1B5-,Submap Default,,,1,100,-1,-11,2750,-1
106,547,3080,Analysed,41.55,1403.26,92.54,26745.82,85.29,21665.09,5140.04,49230,22154,1481,1332,0.38,0,0.02,0.02,0.19,-1,-1,-1,11300850,41,E26/2,,0,0,20X,0.32,0.321,1567289.5,2515.63,New Submap,0,5,{273FBB4E-046B-40A2-96D8-8A827B4CA64B},\coussensaperioAII_BlobPool{10}{1001C1B5-,,,,0,100,-1,-11,2750,-1
107,548,3081,Analysed,45.2,516.27,92.96,27499.79,93.03,19628.05,6511.89,49233.16,22154,1265,1326,0.59,0,0.03,0.02,0.42,-1,-1,-1,6877346,40,F26/4,,0,0,20X,0.32,0.321,1277917,2298.02,New Submap,0,5,{273FBB4E-046B-40A2-96D8-8A827B4CA64B},\coussensaperioAII_BlobPool{10}{1001C1B5-,,,,0,100,-1,-11,2750,-1
108,549,3082,Analysed,38.76,2429.53,72.06,7387.42,92.67,12115.82,5140.04,50604.15,22154,1481,1416,0.11,0,0.02,0.14,0.2,-1,-1,-1,11010370,47,E25/0,,0,0,20X,0.32,0.321,1690917,2598.95,New Submap,0,5,{273FBB4E-046B-40A2-96D8-8A827B4CA64B},\coussensaperioAII_BlobPool{10}{1001C1B5-,,,,0,100,-1,-11,2750,-1
109,550,3083,Analysed,42.03,6419.49,92.11,11324.78,84.47,26488.71,6513.37,50600.99,22154,1267,1410,0.99,0.02,0.12,0.01,0.16,-1,-1,-1,7186122,48,F25/3,,0,0,20X,0.32,0.321,1383697.5,2381.44,New Submap,0,5,{273FBB4E-046B-40A2-96D8-8A827B4CA64B},\coussensaperioAII_BlobPool{10}{1001C1B5-,,,,0,100,-1,-11,2750,-1
110,551,3084,Analysed,50.79,6515.74,46.65,765.47,75.3,3656.93,7794.5,49205.44,22156,1211,1381,0,0.03,0.01,0.01,0,-1,-1,-1,5290667,41,H26/2,,0,0,20X,0.32,0.321,1281254,2303.79,New Submap,1,5,{3F5A438E-A050-49BE-9F51-C06A5405E38F},\coussensaperioAII_BlobPool{10}{1001C1B5-,Submap Default,,,1,100,-1,-11,2750,-1
111,552,3085,Analysed,54.02,8956.98,48.74,1041.99,61.48,19883.72,9167.83,49200.6,22156,1536,1391,0,0.05,0.01,0,0,-1,-1,-1,7650776,38,J26/4,,0,0,20X,0.32,0.321,1725566.5,2625.83,New Submap,1,5,{3F5A438E-A050-49BE-9F51-C06A5405E38F},\coussensaperioAII_BlobPool{10}{1001C1B5-,Submap Default,,,1,100,-1,-11,2750,-1
112,553,3086,Analysed,43.68,36294.47,60.31,652.58,86.36,13865.66,7794.5,50569.91,22156,1211,1348,0,0.05,0.01,-0.04,0,-1,-1,-1,4839939,36,H25/0,,0,0,20X,0.32,0.321,1239753,2269.11,New Submap,1,5,{3F5A438E-A050-49BE-9F51-C06A5405E38F},\coussensaperioAII_BlobPool{10}{1001C1B5-,Submap Default,,,1,100,-1,-11,2750,-1
113,554,3087,Analysed,62.76,6851.53,41.75,2460.97,90.83,15659.56,9167.25,50574.75,22156,1535,1358,0.03,0.16,0.06,0,0,-1,-1,-1,7795327,35,J25/0,,0,0,20X,0.32,0.321,1673296.5,2591.32,New Submap,1,5,{3F5A438E-A050-49BE-9F51-C06A5405E38F},\coussensaperioAII_BlobPool{10}{1001C1B5-,Submap Default,,,1,100,-1,-11,2750,-1
114,555,3088,Analysed,64.97,6365.56,50.22,1530.32,58.68,25677.95,10658.97,49182.56,22157,1363,1427,0.02,0.39,0.09,0.02,0,-1,-1,-1,7540652,32,L26/2,,0,0,20X,0.32,0.321,1542647,2497.02,New Submap,2,5,{53EBCF2C-BD25-4040-8742-E6981DCF1322},\coussensaperioAII_BlobPool{10}{1001C1B5-,,,,0,100,-1,-11,2750,-1
115,556,3089,Analysed,76.91,14490.3,55.43,2080.9,89.36,40291.61,12032.3,49181.55,22157,1385,1429,0.04,0.83,0.19,0,-0.01,-1,-1,-1,8118634,33,M26/4,,0,0,20X,0.32,0.321,1568681.5,2514.73,New Submap,2,5,{53EBCF2C-BD25-4040-8742-E6981DCF1322},\coussensaperioAII_BlobPool{10}{1001C1B5-,,,,0,100,-1,-11,2750,-1
116,557,3090,Analysed,79.62,5746.36,45.7,3875.83,73.45,22296.51,10658.97,50554.74,22157,1363,1318,0.04,0.79,0.18,0.03,0,-1,-1,-1,6769531,30,L25/2,,0,0,20X,0.32,0.321,1392314.5,2386.86,New Submap,2,5,{53EBCF2C-BD25-4040-8742-E6981DCF1322},\coussensaperioAII_BlobPool{10}{1001C1B5-,,,,0,100,-1,-11,2750,-1
117,558,3091,Analysed,83.58,11673.51,58.04,1749.01,87.65,18352.88,12030.39,50555.75,22157,1381,1320,0.05,0.67,0.18,0.03,0.01,-1,-1,-1,6590350,30,M25/0,,0,0,20X,0.32,0.321,1416509,2404.54,New Submap,2,5,{53EBCF2C-BD25-4040-8742-E6981DCF1322},\coussensaperioAII_BlobPool{10}{1001C1B5-,,,,0,100,-1,-11,2750,-1
118,559,3092,Analysed,45.52,3722.16,79,5239.34,78.61,26949.31,13646.5,49236.37,22158,1267,1319,0.44,0.02,0.09,0,0.04,-1,-1,-1,7900685,42,O26/2,,0,0,20X,0.32,0.321,1274843,2295.77,New Submap,3,5,{CC9906C0-B268-4BD6-A9D6-8D02D6AD6B41},\coussensaperioAII_BlobPool{10}{1001C1B5-,Submap Default,,,1,100,-1,-11,2750,-1
119,560,3093,Analysed,45.43,2318.39,77.77,6518.82,91.77,45787.34,15018.06,49233.7,22158,1477,1324,0.26,0.02,0.07,-0.01,0.13,-1,-1,-1,9201936,42,P26/4,,0,0,20X,0.32,0.321,1550385,2504.59,New Submap,3,5,{CC9906C0-B268-4BD6-A9D6-8D02D6AD6B41},\coussensaperioAII_BlobPool{10}{1001C1B5-,Submap Default,,,1,100,-1,-11,2750,-1
120,561,3094,Analysed,50.5,2224.92,82.96,13201.99,81.2,32870.91,13646.5,50605.23,22158,1267,1418,0.68,0.03,0.13,-0.01,0.04,-1,-1,-1,8455336,38,O25/0,,0,0,20X,0.32,0.321,1399364,2393.93,New Submap,3,5,{CC9906C0-B268-4BD6-A9D6-8D02D6AD6B41},\coussensaperioAII_BlobPool{10}{1001C1B5-,Submap Default,,,1,100,-1,-11,2750,-1
121,562,3095,Analysed,36.28,7057.17,81.23,12953.92,94.5,26130.53,15019.8,50607.9,22158,1480,1424,0.88,0.03,0.14,-0.01,0.15,-1,-1,-1,10185882,39,P25/0,,0,0,20X,0.32,0.321,1695276,2602.72,New Submap,3,5,{CC9906C0-B268-4BD6-A9D6-8D02D6AD6B41},\coussensaperioAII_BlobPool{10}{1001C1B5-,Submap Default,,,1,100,-1,-11,2750,-1
122,563,3096,Analysed,53.78,7177.05,34.38,7305.75,80.54,8223.66,16594.93,49273.89,22158,1251,1244,0.04,0.23,0.1,0.01,0.03,-1,-1,-1,7011319,37,R26/2,,0,0,20X,0.32,0.321,1164340,2206.44,New Submap,4,5,{24944861-1BC3-42F7-A590-3CCFF3EC89E4},\coussensaperioAII_BlobPool{10}{1001C1B5-,,,,0,100,-1,-11,2750,-1
123,564,3097,Analysed,46.6,9634.83,34.03,8848.81,83.39,10123.16,17961.95,49271,22158,1485,1250,0.05,0.55,0.16,-0.01,-0.01,-1,-1,-1,7966231,39,S26/4,,0,0,20X,0.32,0.321,1456278,2439.54,New Submap,4,5,{24944861-1BC3-42F7-A590-3CCFF3EC89E4},\coussensaperioAII_BlobPool{10}{1001C1B5-,,,,0,100,-1,-11,2750,-1
124,565,3098,Analysed,41.23,26747.47,37.3,4609.56,87.53,6326.83,16592.95,50642.26,22158,1254,1493,0.05,0.24,0.1,0.02,0.02,-1,-1,-1,9403195,40,R25/0,,0,0,20X,0.32,0.321,1474764,2453.93,New Submap,4,5,{24944861-1BC3-42F7-A590-3CCFF3EC89E4},\coussensaperioAII_BlobPool{10}{1001C1B5-,,,,0,100,-1,-11,2750,-1
125,567,3099,Analysed,31.45,6239.83,36.95,18539.83,67.55,23883.63,19801.8,49542.2,22158,1556,1324,0.13,0.03,0.07,0.06,0.23,-1,-1,-1,9151114,47,U26/0,,0,0,20X,0.32,0.321,1655377,2580.39,New Submap,5,5,{A6EF9218-3794-4659-9747-622AB850BD60},\coussensaperioAII_BlobPool{10}{1001C1B5-,Submap Default,,,1,100,-1,-11,2750,-1
126,568,3100,Analysed,32.15,4643.25,39.95,34140.22,72.76,45042.1,21173.38,49549.37,22158,1187,1309,0.33,0.01,0.05,0,0.66,-1,-1,-1,6016296,51,V26/4,,0,0,20X,0.32,0.321,1167516.5,2209.12,New Submap,5,5,{A6EF9218-3794-4659-9747-622AB850BD60},\coussensaperioAII_BlobPool{10}{1001C1B5-,Submap Default,,,1,100,-1,-11,2750,-1
127,570,3101,Analysed,32.44,3521.76,73.86,2331.33,74.59,33312.82,21175.15,50909.15,22158,1190,1410,0.15,0.01,0.03,0.13,0.28,-1,-1,-1,7694303,54,V25/3,,0,0,20X,0.32,0.321,1286348.5,2309.28,New Submap,5,5,{A6EF9218-3794-4659-9747-622AB850BD60},\coussensaperioAII_BlobPool{10}{1001C1B5-,Submap Default,,,1,100,-1,-11,2750,-1
128,571,3102,Analysed,72.91,3123.41,45.02,10094.29,77.3,11589.9,5117.72,52645.25,22159,1524,1278,0.02,0.05,0.03,0.01,0.07,-1,-1,-1,9737075,47,E23/0,,0,0,20X,0.32,0.321,1543796,2504.02,New Submap,0,6,{2D4E17A9-0AF4-4307-A761-9EF1E30D59D3},\coussensaperioAII_BlobPool{10}{1001C1B5-,Submap Default,,,1,100,-1,-11,2750,-1
129,572,3103,Analysed,32.89,1655.44,39.28,4682.39,90.57,5221.98,6487.62,52650.75,22159,1216,1267,0.6,0.12,0.27,0.03,0.42,-1,-1,-1,4024047,45,F23/3,,0,0,20X,0.32,0.321,1152966,2194.94,New Submap,0,6,{2D4E17A9-0AF4-4307-A761-9EF1E30D59D3},\coussensaperioAII_BlobPool{10}{1001C1B5-,Submap Default,,,1,100,-1,-11,2750,-1
130,574,3104,Analysed,51.11,2081.62,53.59,9765.59,90.85,23580.92,6491,54013.87,22159,1222,1460,0.15,0.02,0.05,0.02,0.18,-1,-1,-1,5276536,45,F21/4,,0,0,20X,0.32,0.321,1387043,2387.24,New Submap,0,6,{2D4E17A9-0AF4-4307-A761-9EF1E30D59D3},\coussensaperioAII_BlobPool{10}{1001C1B5-,Submap Default,,,1,100,-1,-11,2750,-1
131,575,3105,Analysed,87.16,5713.18,55.26,1932.16,77.28,8674.81,8041.35,52352.55,22159,1558,1247,0.01,0.22,0.05,0.03,0.1,-1,-1,-1,5046292,35,H23/0,,0,0,20X,0.32,0.321,1542838.5,2506.64,New Submap,1,6,{6EA6B729-2DAB-495B-A5BE-F282823F22A8},\coussensaperioAII_BlobPool{10}{1001C1B5-,,,,0,100,-1,-11,2750,-1
132,576,3106,Analysed,83.83,5376.26,50.36,2054.71,81.33,8603.72,9408.04,52360,22159,1176,1232,0.02,0.49,0.1,0.06,0.07,-1,-1,-1,4578324,36,J23/4,,0,0,20X,0.32,0.321,1069832,2124.4,New Submap,1,6,{6EA6B729-2DAB-495B-A5BE-F282823F22A8},\coussensaperioAII_BlobPool{10}{1001C1B5-,,,,0,100,-1,-11,2750,-1
133,578,3107,Analysed,87.72,12164.31,52.14,3091.15,90.75,25129.93,9412.5,53719.22,22159,1185,1487,0.03,0.88,0.15,0.13,0.11,-1,-1,-1,7907055,40,J22/3,,0,0,20X,0.32,0.321,1369319.5,2378.05,New Submap,1,6,{6EA6B729-2DAB-495B-A5BE-F282823F22A8},\coussensaperioAII_BlobPool{10}{1001C1B5-,,,,0,100,-1,-11,2750,-1
134,579,3108,Analysed,43.61,1967.19,83.55,2718.79,86.75,13167.37,10747.05,52299.75,22160,1187,1352,0.15,0.01,0.04,0,-0.01,-1,-1,-1,5207239,36,L23/2,,0,0,20X,0.32,0.321,1218019,2251.95,New Submap,2,6,{94811839-463F-4265-9965-E18D09D14F3D},\coussensaperioAII_BlobPool{10}{1001C1B5-,,,,0,100,-1,-11,2750,-1
135,580,3109,Analysed,44.37,1762.78,76.68,1910.28,86.26,21317.69,12120.13,52292.7,22160,1560,1366,0.13,0.02,0.05,0.01,-0.01,-1,-1,-1,7348294,30,M23/0,,0,0,20X,0.32,0.321,1722587.5,2625.01,New Submap,2,6,{94811839-463F-4265-9965-E18D09D14F3D},\coussensaperioAII_BlobPool{10}{1001C1B5-,,,,0,100,-1,-11,2750,-1
136,581,3110,Analysed,51.57,1087.5,81.76,1581.99,59.68,10207.9,10747.05,53659.85,22160,1187,1368,0.01,0,0,0.02,-0.01,-1,-1,-1,4818159,31,L22/0,,0,0,20X,0.32,0.321,1234864,2266.04,New Submap,2,6,{94811839-463F-4265-9965-E18D09D14F3D},\coussensaperioAII_BlobPool{10}{1001C1B5-,,,,0,100,-1,-11,2750,-1
137,582,3111,Analysed,50.31,3829.61,82.91,1967.5,81.96,19712.38,12120.4,53666.9,22160,1562,1382,0.04,0.01,0.02,0,0,-1,-1,-1,7533339,31,M22/0,,0,0,20X,0.32,0.321,1744626,2639.12,New Submap,2,6,{94811839-463F-4265-9965-E18D09D14F3D},\coussensaperioAII_BlobPool{10}{1001C1B5-,,,,0,100,-1,-11,2750,-1
138,583,3112,Analysed,56.68,3898.84,65.24,3022.33,79.7,11640.74,13672.35,52533.51,22161,1216,1501,0.21,0.11,0.15,0.05,0.13,-1,-1,-1,10543632,41,O23/0,,0,0,20X,0.32,0.321,1431925,2424.7,New Submap,3,6,{3B5E34BE-9399-4F1A-B736-57689CE768B1},\coussensaperioAII_BlobPool{10}{1001C1B5-,Submap Default,,,1,100,-1,-11,2750,-1
139,585,3113,Analysed,48.71,641.18,38.37,2289.22,60.33,6760.93,13675.15,53898.74,22161,1210,1229,0.01,0.02,0.02,0,0.33,-1,-1,-1,5593659,35,O22/1,,0,0,20X,0.32,0.321,1101143,2152.16,New Submap,3,6,{3B5E34BE-9399-4F1A-B736-57689CE768B1},\coussensaperioAII_BlobPool{10}{1001C1B5-,Submap Default,,,1,100,-1,-11,2750,-1
140,586,3114,Analysed,56.92,2374.48,46.56,2370.78,44.43,8814.81,15040.93,53903.2,22161,1522,1238,0.1,0.47,0.22,0.01,0.04,-1,-1,-1,6114396,31,P22/3,,0,0,20X,0.32,0.321,1486021.5,2463.99,New Submap,3,6,{3B5E34BE-9399-4F1A-B736-57689CE768B1},\coussensaperioAII_BlobPool{10}{1001C1B5-,Submap Default,,,1,100,-1,-11,2750,-1
141,587,3115,Analysed,51.72,4116.2,46.81,2319.11,57.94,30024.03,16611.6,52548.98,22160,1217,1470,0.03,0.04,0.03,0.01,0.02,-1,-1,-1,9390159,47,R23/0,,0,0,20X,0.32,0.321,1396633.5,2397.85,New Submap,4,6,{2BDC35C7-C0DC-49E0-8394-70F1E1A311B6},\coussensaperioAII_BlobPool{10}{1001C1B5-,,,,0,100,-1,-11,2750,-1
142,589,3116,Analysed,37.81,36423.07,34.97,36373.67,72.57,2680.58,16612.2,53914.47,22160,1216,1261,0.41,0.57,0.44,0.01,0.01,-1,-1,-1,6081254,45,R22/1,,0,0,20X,0.32,0.321,1141005.5,2187.21,New Submap,4,6,{2BDC35C7-C0DC-49E0-8394-70F1E1A311B6},\coussensaperioAII_BlobPool{10}{1001C1B5-,,,,0,100,-1,-11,2750,-1
143,590,3117,Analysed,49.49,7989.25,34.83,6253.9,65.67,9593.23,17981.29,53918.8,22160,1523,1270,0.01,0.16,0.04,0.06,0.11,-1,-1,-1,9556445,47,S22/3,,0,0,20X,0.32,0.321,1531333.5,2494.78,New Submap,4,6,{2BDC35C7-C0DC-49E0-8394-70F1E1A311B6},\coussensaperioAII_BlobPool{10}{1001C1B5-,,,,0,100,-1,-11,2750,-1
144,592,3118,Analysed,46.33,64521.51,33.98,15894.28,83.55,10911.95,21190.15,52863.3,22159,1221,1457,0.06,1.43,0.25,0.14,0.14,-1,-1,-1,5782554,30,W23/1,,0,0,20X,0.32,0.321,1383352,2384.41,New Submap,5,6,{2F38070E-E4B7-45F5-B0C3-D299627C7343},\coussensaperioAII_BlobPool{10}{1001C1B5-,Submap Default,,,1,100,-1,-11,2750,-1
145,593,3119,Analysed,40.65,3562.02,42,10572.05,79.74,947.18,19816.8,54231.85,22159,1527,1280,1.56,0.3,0.69,0.01,0.02,-1,-1,-1,7375952,32,U21/0,,0,0,20X,0.32,0.321,1547743,2506.97,New Submap,5,6,{2F38070E-E4B7-45F5-B0C3-D299627C7343},\coussensaperioAII_BlobPool{10}{1001C1B5-,Submap Default,,,1,100,-1,-11,2750,-1
146,594,3120,Analysed,30.61,3576.61,33.2,3494.64,59.85,2248.23,21186.84,54226.22,22159,1213,1269,0.7,0.53,0.61,0,0.04,-1,-1,-1,3555816,32,W21/2,,0,0,20X,0.32,0.321,1152213.5,2194.15,New Submap,5,6,{2F38070E-E4B7-45F5-B0C3-D299627C7343},\coussensaperioAII_BlobPool{10}{1001C1B5-,Submap Default,,,1,100,-1,-11,2750,-1
147,596,3121,Analysed,37.5,5545.96,82.26,45574.19,80.17,37990.58,6483.54,55928.92,22163,1207,1486,0.44,0,0.02,0.05,0.1,-1,-1,-1,8145345,38,F19/4,,0,0,20X,0.32,0.321,1399940,2399.75,New Submap,0,7,{2E4C3ADE-0853-4D97-993C-6A79329FC5B3},\coussensaperioAII_BlobPool{10}{1001C1B5-,Submap Default,,,1,100,-1,-11,2750,-1
148,597,3122,Analysed,53.78,3580.61,87.51,9417.68,84.56,7894.44,5112.23,57296.8,22163,1536,1250,0.41,0.06,0.15,0.04,0.06,-1,-1,-1,4042684,32,E18/0,,0,0,20X,0.32,0.321,1517755,2486.8,New Submap,0,7,{2E4C3ADE-0853-4D97-993C-6A79329FC5B3},\coussensaperioAII_BlobPool{10}{1001C1B5-,Submap Default,,,1,100,-1,-11,2750,-1
149,598,3123,Analysed,54.13,3919.69,70.99,5948.72,79.61,11707.51,6479.18,57290.48,22163,1199,1237,0.04,0.01,0.01,0,0.03,-1,-1,-1,6893835,34,F18/4,,0,0,20X,0.32,0.321,1099295.5,2148.88,New Submap,0,7,{2E4C3ADE-0853-4D97-993C-6A79329FC5B3},\coussensaperioAII_BlobPool{10}{1001C1B5-,Submap Default,,,1,100,-1,-11,2750,-1
150,599,3124,Analysed,33.3,661.82,68.66,2533.08,89.87,12450.79,8101.45,55656.85,22164,1437,1414,0.05,0,0,0,0.1,-1,-1,-1,11670917,53,H20/0,,0,0,20X,0.32,0.321,1628868.5,2557.82,New Submap,1,7,{3312B7CC-61ED-427A-91D0-AF7CB4054F6C},\coussensaperioAII_BlobPool{10}{1001C1B5-,,,,0,100,-1,-11,2750,-1
151,600,3125,Analysed,32.51,1203.26,50.38,4991.16,78.92,17570.05,9474.75,55657.77,22164,1309,1412,0.09,0,0.01,0,0.11,-1,-1,-1,9626965,50,J20/3,,0,0,20X,0.32,0.321,1442546,2425.87,New Submap,1,7,{3312B7CC-61ED-427A-91D0-AF7CB4054F6C},\coussensaperioAII_BlobPool{10}{1001C1B5-,,,,0,100,-1,-11,2750,-1
152,601,3126,Analysed,36.08,838.71,84.16,1761.65,82.94,16462.83,8101.45,57031,22164,1437,1334,0.1,0,0.02,0.02,0.02,-1,-1,-1,11502275,46,H18/4,,0,0,20X,0.32,0.321,1512377,2476.81,New Submap,1,7,{3312B7CC-61ED-427A-91D0-AF7CB4054F6C},\coussensaperioAII_BlobPool{10}{1001C1B5-,,,,0,100,-1,-11,2750,-1
153,602,3127,Analysed,35.83,1124.37,42.46,10019.93,82.23,14590.04,9473.36,57030.08,22164,1307,1332,0.08,0,0.02,0,0.06,-1,-1,-1,9175284,45,J18/4,,0,0,20X,0.32,0.321,1336400.5,2344.68,New Submap,1,7,{3312B7CC-61ED-427A-91D0-AF7CB4054F6C},\coussensaperioAII_BlobPool{10}{1001C1B5-,,,,0,100,-1,-11,2750,-1
154,603,3128,Analysed,39.23,413.04,75.1,1634.17,85.31,16533.5,10755.9,55414.61,22164,1169,1283,0.07,0,0.02,0,0,-1,-1,-1,6546178,38,L20/0,,0,0,20X,0.32,0.321,1116144.5,2166.11,New Submap,2,7,{7F3E7FF2-B2CB-4A6D-B94A-D2FB99479C31},\coussensaperioAII_BlobPool{10}{1001C1B5-,Submap Default,,,1,100,-1,-11,2750,-1
155,604,3129,Analysed,35.43,1343.68,51.4,13002.4,91.3,41762.87,12126.65,55406,22164,1573,1300,0.03,0,0.01,0,0.16,-1,-1,-1,9884988,42,M20/0,,0,0,20X,0.32,0.321,1641522,2572.14,New Submap,2,7,{7F3E7FF2-B2CB-4A6D-B94A-D2FB99479C31},\coussensaperioAII_BlobPool{10}{1001C1B5-,Submap Default,,,1,100,-1,-11,2750,-1
156,605,3130,Analysed,31.85,1309.78,60.79,2503.39,93.78,37712.93,10755.9,56771.54,22164,1169,1431,0.09,0.01,0.02,0.03,0.12,-1,-1,-1,8217684,36,L19/1,,0,0,20X,0.32,0.321,1288571.5,2313.9,New Submap,2,7,{7F3E7FF2-B2CB-4A6D-B94A-D2FB99479C31},\coussensaperioAII_BlobPool{10}{1001C1B5-,Submap Default,,,1,100,-1,-11,2750,-1
157,608,3131,Analysed,55.72,7815.25,36.21,569.99,57.22,3263.93,15293.2,55679.16,22165,1187,1370,0,0.02,0.01,0.03,0.02,-1,-1,-1,7256822,41,P20/3,,0,0,20X,0.32,0.321,1234442,2267.15,New Submap,3,7,{BA0528A0-0C36-4085-AB59-E64D09F24200},\coussensaperioAII_BlobPool{10}{1001C1B5-,,,,0,100,-1,-11,2750,-1
158,609,3132,Analysed,51.7,10329.01,41,963.21,77.95,3441.33,13919.85,57045.9,22165,1560,1364,0.01,0.22,0.04,0,0,-1,-1,-1,10893736,42,O18/4,,0,0,20X,0.32,0.321,1721800,2623.48,New Submap,3,7,{BA0528A0-0C36-4085-AB59-E64D09F24200},\coussensaperioAII_BlobPool{10}{1001C1B5-,,,,0,100,-1,-11,2750,-1
159,610,3133,Analysed,45.73,19554.81,43.27,234.82,57.39,5790.12,15292.84,57038.53,22165,1187,1349,0,0.06,0,0.02,0.01,-1,-1,-1,7363228,43,P18/4,,0,0,20X,0.32,0.321,1208671.5,2245.77,New Submap,3,7,{BA0528A0-0C36-4085-AB59-E64D09F24200},\coussensaperioAII_BlobPool{10}{1001C1B5-,,,,0,100,-1,-11,2750,-1
160,611,3134,Analysed,29.71,53236.8,37.07,14990.44,39.58,6491.6,16592.95,55693.29,22164,1254,1341,0.18,0.6,0.29,0.14,0.15,-1,-1,-1,5360241,44,R20/1,,0,0,20X,0.32,0.321,1286339.5,2305.7,New Submap,4,7,{A5EB3C38-56F1-47A2-BFBD-3ADC7E21806D},\coussensaperioAII_BlobPool{10}{1001C1B5-,Submap Default,,,1,100,-1,-11,2750,-1
161,612,3135,Analysed,47.15,16626.77,33.16,53567.56,47.05,25436.25,17965.36,55690.4,22164,1491,1347,0.24,0.18,0.2,0.12,0.1,-1,-1,-1,9897363,44,S20/3,,0,0,20X,0.32,0.321,1600932,2540.32,New Submap,4,7,{A5EB3C38-56F1-47A2-BFBD-3ADC7E21806D},\coussensaperioAII_BlobPool{10}{1001C1B5-,Submap Default,,,1,100,-1,-11,2750,-1
162,613,3136,Analysed,49.78,7995.42,49.86,4957.68,48.49,29191.07,16592.95,57061.66,22164,1254,1395,0.04,0.13,0.08,0.06,0.06,-1,-1,-1,6190588,42,R18/2,,0,0,20X,0.32,0.321,1352854.5,2358.7,New Submap,4,7,{A5EB3C38-56F1-47A2-BFBD-3ADC7E21806D},\coussensaperioAII_BlobPool{10}{1001C1B5-,Submap Default,,,1,100,-1,-11,2750,-1
163,614,3137,Analysed,45.89,37728.34,40.55,10822.99,71.85,6332.59,17966.3,57064.55,22164,1492,1401,0.04,0.45,0.13,0.12,0.08,-1,-1,-1,10432358,42,S18/4,,0,0,20X,0.32,0.321,1679918.5,2593.38,New Submap,4,7,{A5EB3C38-56F1-47A2-BFBD-3ADC7E21806D},\coussensaperioAII_BlobPool{10}{1001C1B5-,Submap Default,,,1,100,-1,-11,2750,-1
164,616,3138,Analysed,32.82,1986.81,28.7,15501.89,67.45,2062.93,21185.2,56278.6,22162,1211,1403,0.14,0.02,0.06,0.09,0.13,-1,-1,-1,4463917,49,W19/2,,0,0,20X,0.32,0.321,1304005,2321.91,New Submap,5,7,{A40A679F-44FE-4F4F-A214-D0B6D5C5742E},\coussensaperioAII_BlobPool{10}{1001C1B5-,,,,0,100,-1,-11,2750,-1
165,617,3139,Analysed,39.44,1541.52,53.73,8530.18,82.67,19723.58,19811.85,57646.6,22162,1537,1333,0.02,0,0,0,0.02,-1,-1,-1,8699908,42,U18/0,,0,0,20X,0.32,0.321,1642607.5,2569.78,New Submap,5,7,{A40A679F-44FE-4F4F-A214-D0B6D5C5742E},\coussensaperioAII_BlobPool{10}{1001C1B5-,,,,0,100,-1,-11,2750,-1
166,618,3140,Analysed,34.7,2888.18,37.49,4308.49,39.78,12428.71,21183.77,57640.48,22162,1208,1321,0.03,0.02,0.03,0.07,0.34,-1,-1,-1,3551914,51,W18/1,,0,0,20X,0.32,0.321,1204026,2238.96,New Submap,5,7,{A40A679F-44FE-4F4F-A214-D0B6D5C5742E},\coussensaperioAII_BlobPool{10}{1001C1B5-,,,,0,100,-1,-11,2750,-1
167,619,3141,Analysed,33.03,399.99,51.74,975.84,44.16,78.48,6625.22,33572,22142,1491,616,0.33,0.03,0.1,0.04,0.02,-1,-1,-1,6019100,52,G43/1,,0,0,20X,0.32,0.321,902768,2062.22,New Submap,0,0,{9D6638EC-7FA7-47D5-90C3-50FB4FD02B6F},\coussensaperioAII_BlobPool{10}{1001C1B5-,Submap Default,,,1,100,-1,-11,2750,-1
168,620,3142,Analysed,31.75,3165.42,30.82,1722.1,95.69,22461.06,6580.91,34329,22142,1403,898,0.09,0.19,0.13,0,0,-1,-1,-1,7725661,65,F42/3,,0,0,20X,0.32,0.321,942031.5,2039.31,New Submap,0,0,{9D6638EC-7FA7-47D5-90C3-50FB4FD02B6F},\coussensaperioAII_BlobPool{10}{1001C1B5-,Submap Default,,,1,100,-1,-11,2750,-1
169,621,3143,Analysed,39.93,1925.69,31.54,4691.53,98.88,19989.11,14991.05,33121.25,22145,1422,902,0.62,0.23,0.38,0,0,-1,-1,-1,4570731,56,P43/0,,0,0,20X,0.32,0.321,965339,2063.74,New Submap,3,0,{13E3EDDE-3CAB-4462-ABA9-2EEAEF8B13E0},\coussensaperioAII_BlobPool{10}{1001C1B5-,,,,0,100,-1,-11,2750,-1
170,622,3144,Analysed,33.7,84.54,30.06,4241.72,79.42,16878.44,15034.7,33880,22145,1510,616,0.18,0.01,0.03,0,0.02,-1,-1,-1,6299925,60,P42/4,,0,0,20X,0.32,0.321,914868.5,2082.01,New Submap,3,0,{13E3EDDE-3CAB-4462-ABA9-2EEAEF8B13E0},\coussensaperioAII_BlobPool{10}{1001C1B5-,,,,0,100,-1,-11,2750,-1
171,623,3145,Analysed,30,526.44,36.05,828.44,50.2,1322.62,17640,33156.05,22144,841,1448,0.32,0.2,0.25,0.02,0.01,-1,-1,-1,7566599,39,S43/0,,0,0,20X,0.32,0.321,1167143.5,2201.58,New Submap,4,0,{E874ED7F-9CEF-48E6-BAC9-188314B42ABC},\coussensaperioAII_BlobPool{10}{1001C1B5-,Submap Default,,,1,100,-1,-11,2750,-1
172,624,3146,Analysed,23.47,1218.26,25.21,2471.96,56.37,2738.72,18386.3,33259.73,22144,653,1240,0.24,0.09,0.15,0.01,0.07,-1,-1,-1,3623776,35,T43/1,,0,0,20X,0.32,0.321,583820.5,1679.18,New Submap,4,0,{E874ED7F-9CEF-48E6-BAC9-188314B42ABC},\coussensaperioAII_BlobPool{10}{1001C1B5-,Submap Default,,,1,100,-1,-11,2750,-1
173,625,3147,Analysed,30.81,885.34,32.33,5822.58,80.3,7489.32,19412.85,34196.87,22142,655,1250,0.31,0.06,0.13,0,0,-1,-1,-1,3693974,57,U42/1,,0,0,20X,0.32,0.321,594091.5,1692.77,New Submap,5,0,{2C751475-121E-4F8A-A356-BB850AB77520},\coussensaperioAII_BlobPool{10}{1001C1B5-,,,,0,100,-1,-11,2750,-1
174,626,3148,Analysed,40.22,78.89,43.64,664.19,74.74,1765.96,20160,34298.6,22142,841,1453,0.07,0.04,0.05,0.01,0,-1,-1,-1,5403624,55,U42/3,,0,0,20X,0.32,0.321,1172352,2206.36,New Submap,5,0,{2C751475-121E-4F8A-A356-BB850AB77520},\coussensaperioAII_BlobPool{10}{1001C1B5-,,,,0,100,-1,-11,2750,-1
175,627,3149,Analysed,30.93,517.2,71.71,1043.64,138.26,1192.37,6300,37391.55,22143,841,1479,0.03,0,0,0.01,0.42,-1,-1,-1,3053589,45,F39/3,,0,0,20X,0.32,0.321,1190680,2229.8,New Submap,0,1,{E13ED1E0-B4A2-4A51-B308-51C5C9BC90B8},\coussensaperioAII_BlobPool{10}{1001C1B5-,,,,0,100,-1,-11,2750,-1
176,628,3150,Analysed,27.31,2181.36,54.55,6053.19,56.79,4971.34,7041.5,37285.09,22143,644,1266,0.49,0.01,0.04,0,0.81,-1,-1,-1,2626296,52,G39/0,,0,0,20X,0.32,0.321,591226,1695.39,New Submap,0,1,{E13ED1E0-B4A2-4A51-B308-51C5C9BC90B8},\coussensaperioAII_BlobPool{10}{1001C1B5-,,,,0,100,-1,-11,2750,-1
177,629,3151,Analysed,31.64,1400.59,35.17,7109.25,63.47,6065.92,14700,38001.3,22148,841,1467,0.1,0.02,0.04,0,0.04,-1,-1,-1,9222857,77,P38/0,,0,0,20X,0.32,0.321,1190927,2227.11,New Submap,3,1,{78F8BDE5-92BE-467F-AC7E-4704A2FA11FD},\coussensaperioAII_BlobPool{10}{1001C1B5-,Submap Default,,,1,100,-1,-11,2750,-1
178,630,3152,Analysed,24.62,670.76,26.25,3385.55,48.06,229.27,15469.65,37911.08,22148,700,1286,0.69,0.12,0.29,0.02,0.01,-1,-1,-1,1999172,71,Q38/2,,0,0,20X,0.32,0.321,654997.5,1760.25,New Submap,3,1,{78F8BDE5-92BE-467F-AC7E-4704A2FA11FD},\coussensaperioAII_BlobPool{10}{1001C1B5-,Submap Default,,,1,100,-1,-11,2750,-1
179,631,3153,Analysed,46.47,6543.47,66.05,1605.21,83.42,9698,17640,36515.4,22148,841,1505,0.12,0.1,0.11,0.03,0.23,-1,-1,-1,7988481,38,S40/1,,0,0,20X,0.32,0.321,1222461,2265.3,New Submap,4,1,{7DAF2B26-373C-4828-88A8-3AC83511ED97},\coussensaperioAII_BlobPool{10}{1001C1B5-,Submap Default,,,1,100,-1,-11,2750,-1
180,632,3154,Analysed,37.71,1312.97,82.78,1485.23,54.8,21559.28,18404.95,36608.32,22148,690,1319,0.78,0.02,0.12,0.03,0.27,-1,-1,-1,1979636,38,T39/2,,0,0,20X,0.32,0.321,669473.5,1785.44,New Submap,4,1,{7DAF2B26-373C-4828-88A8-3AC83511ED97},\coussensaperioAII_BlobPool{10}{1001C1B5-,Submap Default,,,1,100,-1,-11,2750,-1
181,633,3155,Analysed,25.02,3762.53,30.64,13372.81,39.24,288.44,19392.5,37589.78,22146,695,1260,1.36,0.2,0.52,0.01,0.01,-1,-1,-1,2382977,32,U38/2,,0,0,20X,0.32,0.321,634667,1734.1,New Submap,5,1,{4A96003F-EF82-4C6C-BD28-C5AADF3B2D3A},\coussensaperioAII_BlobPool{10}{1001C1B5-,Submap Default,,,1,100,-1,-11,2750,-1
182,634,3156,Analysed,32.64,1184.16,33.4,14400.42,51.35,3969.72,20160,37678.85,22146,841,1438,0.28,0.11,0.18,0.01,0.03,-1,-1,-1,5842351,31,U38/4,,0,0,20X,0.32,0.321,1166447,2197.68,New Submap,5,1,{4A96003F-EF82-4C6C-BD28-C5AADF3B2D3A},\coussensaperioAII_BlobPool{10}{1001C1B5-,Submap Default,,,1,100,-1,-11,2750,-1
183,635,3157,Analysed,33.14,1991.95,52.42,17266.62,54.02,5442.82,14700,39906.15,22151,841,1500,0.51,0.01,0.05,0,0.06,-1,-1,-1,8105031,50,P36/0,,0,0,20X,0.32,0.321,1217546.5,2259.54,New Submap,3,2,{94971A5F-8271-4AEA-9E3B-5624071CA2C8},\coussensaperioAII_BlobPool{10}{1001C1B5-,,,,0,100,-1,-11,2750,-1
184,636,3158,Analysed,28.91,680.11,26.97,17765.01,37.69,29008.33,15464.2,39999.54,22151,689,1313,0.87,0.03,0.16,-0.01,0.29,-1,-1,-1,1487042,42,Q36/1,,0,0,20X,0.32,0.321,664198,1777.84,New Submap,3,2,{94971A5F-8271-4AEA-9E3B-5624071CA2C8},\coussensaperioAII_BlobPool{10}{1001C1B5-,,,,0,100,-1,-11,2750,-1
185,638,3160,Analysed,33.63,322.64,33.22,4031.86,94.88,13170.04,17894.9,41410.35,22151,1350,893,0.07,0.04,0.05,0,0.02,-1,-1,-1,6586317,52,S34/4,,0,0,20X,0.32,0.321,890180.5,1983.45,New Submap,4,2,{1C8C5BF4-DFE8-4F16-BCBD-0CF6758D2EF5},\coussensaperioAII_BlobPool{10}{1001C1B5-,Submap Default,,,1,100,-1,-11,2750,-1
186,639,3161,Analysed,36.87,482.06,34.04,9536.94,30.54,95224.42,19372.15,40979.96,22151,736,1264,0.03,0,0,-0.02,0.3,-1,-1,-1,2402611,58,U35/1,,0,0,20X,0.32,0.321,675064.5,1771.45,New Submap,5,2,{39003ED3-CDB4-49DF-85BE-B0E74FFCBD77},\coussensaperioAII_BlobPool{10}{1001C1B5-,,,,0,100,-1,-11,2750,-1
187,640,3162,Analysed,29.6,1233.67,33.49,49911.03,46.29,36814.33,20160,41059.1,22151,841,1422,0.22,0,0.03,0,0.24,-1,-1,-1,8800490,61,U35/3,,0,0,20X,0.32,0.321,1159690.5,2187.61,New Submap,5,2,{39003ED3-CDB4-49DF-85BE-B0E74FFCBD77},\coussensaperioAII_BlobPool{10}{1001C1B5-,,,,0,100,-1,-11,2750,-1
188,641,3163,Analysed,38.36,1934.42,46.53,3867.31,57.07,771.74,20580,44439.35,22154,841,1407,0.08,0,0.02,0,0.04,-1,-1,-1,6332563,52,V31/2,,0,0,20X,0.32,0.321,1142449,2168.51,New Submap,5,3,{67D21810-0338-4111-9DFD-8A082B2318E0},\coussensaperioAII_BlobPool{10}{1001C1B5-,,,,0,100,-1,-11,2750,-1
189,642,3164,Analysed,30.54,1400.59,34.13,2652.54,20.22,991.25,21355.15,44352.33,22154,710,1233,0.06,0.02,0.03,0.06,0.05,-1,-1,-1,4068391,62,W31/2,,0,0,20X,0.32,0.321,626848.5,1717.42,New Submap,5,3,{67D21810-0338-4111-9DFD-8A082B2318E0},\coussensaperioAII_BlobPool{10}{1001C1B5-,,,,0,100,-1,-11,2750,-1
190,643,3165,Analysed,54.99,1176.76,45.28,5289.05,89.41,22332.97,8097.72,46816,22152,1445,616,0.1,0.09,0.09,0.02,0.19,-1,-1,-1,3464024,53,H29/0,,0,0,20X,0.32,0.321,877383,2022.45,New Submap,1,4,{7E752175-0CC2-4AC7-B51D-6C799C6A1C29},\coussensaperioAII_BlobPool{10}{1001C1B5-,,,,0,100,-1,-11,2750,-1
191,644,3166,Analysed,31.88,7805.8,84.89,2731.74,92.84,43829.29,8137.86,47575.15,22152,1364,902,0.07,0,0.02,0.08,0.32,-1,-1,-1,4470633,49,H28/0,,0,0,20X,0.32,0.321,910701.5,2006.96,New Submap,1,4,{7E752175-0CC2-4AC7-B51D-6C799C6A1C29},\coussensaperioAII_BlobPool{10}{1001C1B5-,,,,0,100,-1,-11,2750,-1
192,645,3167,Analysed,35.68,3608.14,112.63,10988.99,94.32,18041.95,11760,46116.2,22155,841,1400,8.86,0.05,0.64,0.43,0.8,-1,-1,-1,2211021,65,M30/1,,0,0,20X,0.32,0.321,1136140.5,2161.43,New Submap,2,4,{10E846CD-015F-4E5F-AAD8-0EBE4885E218},\coussensaperioAII_BlobPool{10}{1001C1B5-,,,,0,100,-1,-11,2750,-1
193,646,3168,Analysed,30.23,3308.51,79.83,10213.66,93.67,7240.94,12531.9,46205.12,22155,704,1222,0.2,0,-0.05,-0.05,0.42,-1,-1,-1,919910,50,N30/1,,0,0,20X,0.32,0.321,614552.5,1702.55,New Submap,2,4,{10E846CD-015F-4E5F-AAD8-0EBE4885E218},\coussensaperioAII_BlobPool{10}{1001C1B5-,,,,0,100,-1,-11,2750,-1
194,647,3169,Analysed,62.61,1992.56,50.74,2686.03,95.49,22755.46,20580,46380.7,22156,841,1487,0,0,0,0.01,0.04,-1,-1,-1,7936063,37,V29/2,,0,0,20X,0.32,0.321,1214892,2253.41,New Submap,5,4,{45535FC4-55F6-49F3-9F78-16794E17B39E},\coussensaperioAII_BlobPool{10}{1001C1B5-,Submap Default,,,1,100,-1,-11,2750,-1
195,648,3170,Analysed,39.15,12647.91,37.39,1708.54,65.16,14614.08,21370.15,46459.06,22156,741,1330,0.01,0.05,0.01,0.17,0.06,-1,-1,-1,2733568,36,W29/2,,0,0,20X,0.32,0.321,723567.5,1836.27,New Submap,5,4,{45535FC4-55F6-49F3-9F78-16794E17B39E},\coussensaperioAII_BlobPool{10}{1001C1B5-,Submap Default,,,1,100,-1,-11,2750,-1
196,649,3171,Analysed,50.46,4991.99,34.52,3132.86,74.17,5402.15,17966.3,50204,22158,1492,616,0.16,0.1,0.13,0.01,0.04,-1,-1,-1,5627564,38,S25/4,,0,0,20X,0.32,0.321,902763,2062.59,New Submap,4,5,{24944861-1BC3-42F7-A590-3CCFF3EC89E4},\coussensaperioAII_BlobPool{10}{1001C1B5-,,,,0,100,-1,-11,2750,-1
197,650,3172,Analysed,42.11,7264.97,34,3242.66,86.98,8720,17919.11,50953.15,22158,1399,882,0.05,0.14,0.08,0.16,0.08,-1,-1,-1,4806149,38,S25/3,,0,0,20X,0.32,0.321,921899.5,2022.6,New Submap,4,5,{24944861-1BC3-42F7-A590-3CCFF3EC89E4},\coussensaperioAII_BlobPool{10}{1001C1B5-,,,,0,100,-1,-11,2750,-1
198,651,3173,Analysed,34.28,2195.23,40.55,5768.24,73.64,5446.63,19381.8,50832.5,22158,717,1257,0.84,0.06,0.22,0.04,0.11,-1,-1,-1,2851964,46,U25/1,,0,0,20X,0.32,0.321,652496.5,1749.65,New Submap,5,5,{A6EF9218-3794-4659-9747-622AB850BD60},\coussensaperioAII_BlobPool{10}{1001C1B5-,Submap Default,,,1,100,-1,-11,2750,-1
199,652,3174,Analysed,41.31,1847.01,78.13,3077.29,73.03,26440.64,20160,50916.35,22158,841,1425,0.18,0.01,0.04,0,0.37,-1,-1,-1,7180183,50,U25/3,,0,0,20X,0.32,0.321,1159009,2187.9,New Submap,5,5,{A6EF9218-3794-4659-9747-622AB850BD60},\coussensaperioAII_BlobPool{10}{1001C1B5-,Submap Default,,,1,100,-1,-11,2750,-1
200,653,3175,Analysed,55.45,8432.8,54.41,1855.23,80.83,5011.61,4697.68,53927.82,22159,685,1288,0.02,0.03,0.02,0.04,0.09,-1,-1,-1,3658776,46,E22/1,,0,0,20X,0.32,0.321,644517.5,1753.99,New Submap,0,6,{2D4E17A9-0AF4-4307-A761-9EF1E30D59D3},\coussensaperioAII_BlobPool{10}{1001C1B5-,Submap Default,,,1,100,-1,-11,2750,-1
201,654,3176,Analysed,71.07,1368.64,43.62,6562.16,77.37,7835.38,5460,54019.4,22159,841,1471,0.02,0.02,0.02,0.02,0.05,-1,-1,-1,7299478,41,E21/4,,0,0,20X,0.32,0.321,1192467.5,2229.25,New Submap,0,6,{2D4E17A9-0AF4-4307-A761-9EF1E30D59D3},\coussensaperioAII_BlobPool{10}{1001C1B5-,Submap Default,,,1,100,-1,-11,2750,-1
202,655,3177,Analysed,46.45,9674.68,37.83,1049.8,79.52,4790.66,7619.15,53644.16,22159,722,1336,0.01,0.46,0.07,0.03,0.07,-1,-1,-1,2972424,43,H22/1,,0,0,20X,0.32,0.321,714557.5,1831.05,New Submap,1,6,{6EA6B729-2DAB-495B-A5BE-F282823F22A8},\coussensaperioAII_BlobPool{10}{1001C1B5-,,,,0,100,-1,-11,2750,-1
203,656,3178,Analysed,66.03,2571.29,46.87,3712.61,91.67,18728.94,8400,53726.7,22159,841,1502,0.05,0.18,0.1,0.04,0.16,-1,-1,-1,6562436,40,H22/3,,0,0,20X,0.32,0.321,1224251,2265.21,New Submap,1,6,{6EA6B729-2DAB-495B-A5BE-F282823F22A8},\coussensaperioAII_BlobPool{10}{1001C1B5-,,,,0,100,-1,-11,2750,-1
204,657,3179,Analysed,49.9,6371.21,47.76,6259.65,70.47,4400.83,14700,52529.05,22161,841,1510,0.21,0.11,0.16,0.04,0.17,-1,-1,-1,7602932,36,P23/0,,0,0,20X,0.32,0.321,1226588.5,2269.88,New Submap,3,6,{3B5E34BE-9399-4F1A-B736-57689CE768B1},\coussensaperioAII_BlobPool{10}{1001C1B5-,Submap Default,,,1,100,-1,-11,2750,-1
205,658,3180,Analysed,45.67,5624.33,33.89,7814.63,39.24,2971.9,15465.65,52621.55,22161,691,1325,0.19,0.41,0.26,0.06,0.11,-1,-1,-1,2516551,27,Q23/1,,0,0,20X,0.32,0.321,674975,1791.67,New Submap,3,6,{3B5E34BE-9399-4F1A-B736-57689CE768B1},\coussensaperioAII_BlobPool{10}{1001C1B5-,Submap Default,,,1,100,-1,-11,2750,-1
206,659,3181,Analysed,61.38,4382.55,36.26,6381.79,75.77,5766.6,17640,52544.65,22160,841,1479,0.03,0.16,0.06,0.05,0.1,-1,-1,-1,8584400,49,S23/0,,0,0,20X,0.32,0.321,1200099,2238.86,New Submap,4,6,{2BDC35C7-C0DC-49E0-8394-70F1E1A311B6},\coussensaperioAII_BlobPool{10}{1001C1B5-,,,,0,100,-1,-11,2750,-1
207,660,3182,Analysed,44.85,5436.76,30.26,5774.61,61.39,12121.88,18404.95,52637.57,22160,690,1293,0.08,0.18,0.12,0.14,0.2,-1,-1,-1,2657158,50,T23/1,,0,0,20X,0.32,0.321,651581,1759.59,New Submap,4,6,{2BDC35C7-C0DC-49E0-8394-70F1E1A311B6},\coussensaperioAII_BlobPool{10}{1001C1B5-,,,,0,100,-1,-11,2750,-1
208,661,3183,Analysed,33.2,8768.28,33.54,6003.16,58.31,620.53,19396.8,52948.81,22159,687,1286,0.21,2.62,0.73,0,0,-1,-1,-1,2885800,31,U23/1,,0,0,20X,0.32,0.321,645679,1755.3,New Submap,5,6,{2F38070E-E4B7-45F5-B0C3-D299627C7343},\coussensaperioAII_BlobPool{10}{1001C1B5-,Submap Default,,,1,100,-1,-11,2750,-1
209,662,3184,Analysed,52.84,30438.09,41.28,4061.86,78.27,3933.77,20160,52857.7,22159,841,1469,0.02,0.95,0.14,0.03,0.03,-1,-1,-1,5866239,32,U23/3,,0,0,20X,0.32,0.321,1191724,2228.53,New Submap,5,6,{2F38070E-E4B7-45F5-B0C3-D299627C7343},\coussensaperioAII_BlobPool{10}{1001C1B5-,Submap Default,,,1,100,-1,-11,2750,-1
210,663,3185,Analysed,31.8,9677.76,56.44,3701.62,90.83,8566.23,4690.22,56010.54,22163,700,1323,0.54,0.13,0.25,0.19,0.16,-1,-1,-1,2250285,42,E19/2,,0,0,20X,0.32,0.321,683771.5,1800.23,New Submap,0,7,{2E4C3ADE-0853-4D97-993C-6A79329FC5B3},\coussensaperioAII_BlobPool{10}{1001C1B5-,Submap Default,,,1,100,-1,-11,2750,-1
211,664,3186,Analysed,34.89,25203.17,68.61,10543.18,64.87,17473.9,5460,55922.6,22163,841,1499,1.01,0.16,0.36,0.35,0.19,-1,-1,-1,2880406,36,E19/4,,0,0,20X,0.32,0.321,1219280.5,2260.46,New Submap,0,7,{2E4C3ADE-0853-4D97-993C-6A79329FC5B3},\coussensaperioAII_BlobPool{10}{1001C1B5-,Submap Default,,,1,100,-1,-11,2750,-1
212,665,3187,Analysed,55.57,562.39,51.83,3025.82,95.73,27592.03,11760,56780.15,22164,841,1448,0.02,0,0.01,0.06,0.13,-1,-1,-1,6813852,34,M19/1,,0,0,20X,0.32,0.321,1181662,2213.97,New Submap,2,7,{7F3E7FF2-B2CB-4A6D-B94A-D2FB99479C31},\coussensaperioAII_BlobPool{10}{1001C1B5-,Submap Default,,,1,100,-1,-11,2750,-1
213,666,3188,Analysed,41.64,313.5,50.03,2210.84,94.97,24653.42,12549.25,56701.25,22164,739,1291,0.08,0.01,0.03,0,0.15,-1,-1,-1,3535893,29,N19/1,,0,0,20X,0.32,0.321,692491.5,1796.12,New Submap,2,7,{7F3E7FF2-B2CB-4A6D-B94A-D2FB99479C31},\coussensaperioAII_BlobPool{10}{1001C1B5-,Submap Default,,,1,100,-1,-11,2750,-1
214,667,3189,Analysed,50.78,6084.93,39.89,593.72,39.79,5407.9,13499.85,55754.64,22165,721,1219,0.02,0.31,0.08,0.03,0.01,-1,-1,-1,3385267,44,O20/1,,0,0,20X,0.32,0.321,628997,1715.02,New Submap,3,7,{BA0528A0-0C36-4085-AB59-E64D09F24200},\coussensaperioAII_BlobPool{10}{1001C1B5-,,,,0,100,-1,-11,2750,-1
215,668,3190,Analysed,55.31,13015.65,46.78,674.46,39.4,19262.26,14280,55671.75,22165,841,1384,0,0.02,0,0.02,0.01,-1,-1,-1,7510676,43,O20/3,,0,0,20X,0.32,0.321,1126560,2148.86,New Submap,3,7,{BA0528A0-0C36-4085-AB59-E64D09F24200},\coussensaperioAII_BlobPool{10}{1001C1B5-,,,,0,100,-1,-11,2750,-1
216,669,3191,Analysed,37.72,1343.89,49.9,5733.32,84.51,5132.3,19391.85,56361.2,22162,696,1238,0.01,0,0,0.01,0.08,-1,-1,-1,3476318,46,U19/2,,0,0,20X,0.32,0.321,621334.5,1714.52,New Submap,5,7,{A40A679F-44FE-4F4F-A214-D0B6D5C5742E},\coussensaperioAII_BlobPool{10}{1001C1B5-,,,,0,100,-1,-11,2750,-1
217,670,3192,Analysed,42.98,1051.44,44.46,17757.1,82.7,7478.74,20160,56272.45,22162,841,1415,0.02,0,0,0.01,0.05,-1,-1,-1,7078761,46,U19/4,,0,0,20X,0.32,0.321,1148586,2176.17,New Submap,5,7,{A40A679F-44FE-4F4F-A214-D0B6D5C5742E},\coussensaperioAII_BlobPool{10}{1001C1B5-,,,,0,100,-1,-11,2750,-1
,,,,,,,,,,,,,,,,,,,,,,,,,,,,,,,,,,,,,,,,,,,,,,,
,,,,,,,,,,,,,,,,,,,,,,,,,,,,,,,,,,,,,,,,,,,,,,,
,,,,,,,,,,,,,,,,,,,,,,,,,,,,,,,,,,,,,,,,,,,,,,,
